"","Wavelength..nm.","Intensity","X","Y"
"538",454.367934224049,127.041742286751,454.367934224049,127.041742286751
"537",454.624871531346,136.116152450091,454.624871531346,136.116152450091
"536",454.881808838643,145.19056261343,454.881808838643,145.19056261343
"535",455.13874614594,154.26497277677,455.13874614594,154.26497277677
"534",455.395683453237,163.339382940109,455.395683453237,163.339382940109
"533",455.652620760534,172.413793103448,455.652620760534,172.413793103448
"532",455.909558067831,181.488203266788,455.909558067831,181.488203266788
"531",456.166495375128,190.562613430127,456.166495375128,190.562613430127
"530",456.423432682425,199.637023593466,456.423432682425,199.637023593466
"528",456.680369989723,217.785843920145,456.680369989723,217.785843920145
"527",456.93730729702,226.860254083485,456.93730729702,226.860254083485
"525",457.194244604317,245.009074410163,457.194244604317,245.009074410163
"523",457.451181911614,263.157894736842,457.451181911614,263.157894736842
"522",457.708119218911,272.232304900181,457.708119218911,272.232304900181
"520",457.965056526208,290.38112522686,457.965056526208,290.38112522686
"518",458.221993833505,308.529945553539,458.221993833505,308.529945553539
"516",458.478931140802,326.678765880218,458.478931140802,326.678765880218
"515",458.735868448099,335.753176043557,458.735868448099,335.753176043557
"513",458.992805755396,353.901996370236,458.992805755396,353.901996370236
"511",459.249743062693,372.050816696915,459.249743062693,372.050816696915
"509",459.50668036999,390.199637023593,459.50668036999,390.199637023593
"507",459.763617677287,408.348457350272,459.763617677287,408.348457350272
"505",460.020554984584,426.497277676951,460.020554984584,426.497277676951
"503",460.277492291881,444.64609800363,460.277492291881,444.64609800363
"500",460.534429599178,471.869328493648,460.534429599178,471.869328493648
"498",460.791366906475,490.018148820327,460.791366906475,490.018148820327
"496",461.048304213772,508.166969147005,461.048304213772,508.166969147005
"493",461.305241521069,535.390199637024,461.305241521069,535.390199637024
"490",461.562178828366,562.613430127042,461.562178828366,562.613430127042
"488",461.819116135663,580.762250453721,461.819116135663,580.762250453721
"485",462.07605344296,607.985480943739,462.07605344296,607.985480943739
"482",462.332990750257,635.208711433757,462.332990750257,635.208711433757
"480",462.589928057554,653.357531760436,462.589928057554,653.357531760436
"476",462.846865364851,689.655172413793,462.846865364851,689.655172413793
"474",463.103802672148,707.803992740472,463.103802672148,707.803992740472
"471",463.360739979445,735.02722323049,463.360739979445,735.02722323049
"467",463.617677286742,771.324863883848,463.617677286742,771.324863883848
"463",463.874614594039,807.622504537205,463.874614594039,807.622504537205
"460",464.131551901336,834.845735027223,464.131551901336,834.845735027223
"455",464.388489208633,880.21778584392,464.388489208633,880.21778584392
"451",464.64542651593,916.515426497278,464.64542651593,916.515426497278
"447",464.902363823227,952.813067150635,464.902363823227,952.813067150635
"442",465.159301130524,998.185117967332,465.159301130524,998.185117967332
"437",465.416238437821,1043.55716878403,465.416238437821,1043.55716878403
"432",465.673175745118,1088.92921960073,465.673175745118,1088.92921960073
"425",465.930113052415,1152.4500907441,465.930113052415,1152.4500907441
"419",466.187050359712,1206.89655172414,466.187050359712,1206.89655172414
"414",466.443987667009,1252.26860254083,466.443987667009,1252.26860254083
"407",466.700924974306,1315.78947368421,466.700924974306,1315.78947368421
"398",466.957862281603,1397.45916515427,466.957862281603,1397.45916515427
"391",467.2147995889,1460.98003629764,467.2147995889,1460.98003629764
"383",467.471736896197,1533.57531760436,467.471736896197,1533.57531760436
"372",467.728674203494,1633.39382940109,467.728674203494,1633.39382940109
"363",467.985611510791,1715.06352087114,467.985611510791,1715.06352087114
"353",468.242548818088,1805.80762250454,468.242548818088,1805.80762250454
"342",468.499486125385,1905.62613430127,468.499486125385,1905.62613430127
"332",468.756423432682,1996.37023593466,468.756423432682,1996.37023593466
"319",469.013360739979,2114.33756805808,469.013360739979,2114.33756805808
"303",469.270298047276,2259.52813067151,469.270298047276,2259.52813067151
"293",469.527235354573,2350.2722323049,469.527235354573,2350.2722323049
"283",469.784172661871,2441.01633393829,469.784172661871,2441.01633393829
"263",470.041109969168,2622.50453720508,470.041109969168,2622.50453720508
"250",470.298047276465,2740.47186932849,470.298047276465,2740.47186932849
"239",470.554984583762,2840.29038112523,470.554984583762,2840.29038112523
"221",470.811921891059,3003.62976406534,470.811921891059,3003.62976406534
"209",471.068859198356,3112.52268602541,471.068859198356,3112.52268602541
"194",471.325796505653,3248.6388384755,471.325796505653,3248.6388384755
"177",471.58273381295,3402.90381125227,471.58273381295,3402.90381125227
"162",471.839671120247,3539.01996370236,471.839671120247,3539.01996370236
"151",472.096608427544,3638.83847549909,472.096608427544,3638.83847549909
"136",472.353545734841,3774.95462794918,472.353545734841,3774.95462794918
"120",472.610483042138,3920.14519056261,472.610483042138,3920.14519056261
"108",472.867420349435,4029.03811252269,472.867420349435,4029.03811252269
"94",473.124357656732,4156.07985480944,473.124357656732,4156.07985480944
"81",473.381294964029,4274.04718693285,473.381294964029,4274.04718693285
"71",473.638232271326,4364.79128856624,473.638232271326,4364.79128856624
"60",473.895169578623,4464.60980036298,473.895169578623,4464.60980036298
"45",474.15210688592,4600.72595281307,474.15210688592,4600.72595281307
"37",474.409044193217,4673.32123411978,474.409044193217,4673.32123411978
"30",474.665981500514,4736.84210526316,474.665981500514,4736.84210526316
"20",474.922918807811,4827.58620689655,474.922918807811,4827.58620689655
"14",475.179856115108,4882.03266787659,475.179856115108,4882.03266787659
"7",475.436793422405,4945.55353901996,475.436793422405,4945.55353901996
"3",475.693730729702,4981.85117967332,475.693730729702,4981.85117967332
"1",475.950668036999,5000,475.950668036999,5000
"2773",476.207605344296,5000,476.207605344296,5000
"2769",476.464542651593,4972.77676950998,476.464542651593,4972.77676950998
"2763",476.72147995889,4918.33030852995,476.72147995889,4918.33030852995
"2755",476.978417266187,4845.73502722323,476.978417266187,4845.73502722323
"2746",477.235354573484,4764.06533575318,477.235354573484,4764.06533575318
"2739",477.492291880781,4700.5444646098,477.492291880781,4700.5444646098
"2731",477.749229188078,4627.94918330309,477.749229188078,4627.94918330309
"2719",478.006166495375,4519.05626134301,478.006166495375,4519.05626134301
"2710",478.263103802672,4437.38656987296,478.263103802672,4437.38656987296
"2700",478.520041109969,4346.64246823956,478.520041109969,4346.64246823956
"2684",478.776978417266,4201.45190562613,478.776978417266,4201.45190562613
"2676",479.033915724563,4128.85662431942,479.033915724563,4128.85662431942
"2667",479.29085303186,4047.18693284936,479.29085303186,4047.18693284936
"2650",479.547790339157,3892.9219600726,479.547790339157,3892.9219600726
"2639",479.804727646454,3793.10344827586,479.804727646454,3793.10344827586
"2628",480.061664953751,3693.28493647913,480.061664953751,3693.28493647913
"2614",480.318602261048,3566.24319419238,480.318602261048,3566.24319419238
"2603",480.575539568345,3466.42468239564,480.575539568345,3466.42468239564
"2594",480.832476875642,3384.75499092559,480.832476875642,3384.75499092559
"2580",481.089414182939,3257.71324863884,481.089414182939,3257.71324863884
"2570",481.346351490236,3166.96914700544,481.346351490236,3166.96914700544
"2563",481.603288797533,3103.44827586207,481.603288797533,3103.44827586207
"2551",481.86022610483,2994.555353902,481.86022610483,2994.555353902
"2543",482.117163412127,2921.96007259528,482.117163412127,2921.96007259528
"2535",482.374100719424,2849.36479128857,482.374100719424,2849.36479128857
"2527",482.631038026721,2776.76950998185,482.631038026721,2776.76950998185
"2521",482.887975334019,2722.32304900181,482.887975334019,2722.32304900181
"2516",483.144912641315,2676.95099818512,483.144912641315,2676.95099818512
"2510",483.401849948613,2622.50453720508,483.401849948613,2622.50453720508
"2505",483.65878725591,2577.13248638838,483.65878725591,2577.13248638838
"2501",483.915724563207,2540.83484573503,483.915724563207,2540.83484573503
"2498",484.172661870504,2513.61161524501,484.172661870504,2513.61161524501
"2496",484.429599177801,2495.46279491833,484.429599177801,2495.46279491833
"2494",484.686536485098,2477.31397459165,484.686536485098,2477.31397459165
"2493",484.943473792395,2468.23956442831,484.943473792395,2468.23956442831
"2492",485.200411099692,2459.16515426497,485.200411099692,2459.16515426497
"2491",485.457348406989,2450.09074410163,485.457348406989,2450.09074410163
"2490",485.714285714286,2441.01633393829,485.714285714286,2441.01633393829
"2489",485.971223021583,2441.01633393829,485.971223021583,2441.01633393829
"2488",486.22816032888,2441.01633393829,486.22816032888,2441.01633393829
"2487",486.485097636177,2441.01633393829,486.485097636177,2441.01633393829
"2486",486.742034943474,2441.01633393829,486.742034943474,2441.01633393829
"2485",486.998972250771,2450.09074410163,486.998972250771,2450.09074410163
"2484",487.255909558068,2459.16515426497,487.255909558068,2459.16515426497
"2482",487.512846865365,2477.31397459165,487.512846865365,2477.31397459165
"2480",487.769784172662,2495.46279491833,487.769784172662,2495.46279491833
"2477",488.026721479959,2522.68602540835,488.026721479959,2522.68602540835
"2475",488.283658787256,2540.83484573503,488.283658787256,2540.83484573503
"2471",488.540596094553,2577.13248638838,488.540596094553,2577.13248638838
"2469",488.79753340185,2595.28130671506,488.79753340185,2595.28130671506
"2465",489.054470709147,2631.57894736842,489.054470709147,2631.57894736842
"2458",489.311408016444,2695.0998185118,489.311408016444,2695.0998185118
"2454",489.568345323741,2731.39745916515,489.568345323741,2731.39745916515
"2450",489.825282631038,2767.69509981851,489.825282631038,2767.69509981851
"2444",490.082219938335,2822.14156079855,490.082219938335,2822.14156079855
"2439",490.339157245632,2867.51361161525,490.339157245632,2867.51361161525
"2435",490.596094552929,2903.8112522686,490.596094552929,2903.8112522686
"2429",490.853031860226,2958.25771324864,490.853031860226,2958.25771324864
"2423",491.109969167523,3012.70417422868,491.109969167523,3012.70417422868
"2419",491.36690647482,3049.00181488203,491.36690647482,3049.00181488203
"2413",491.623843782117,3103.44827586207,491.623843782117,3103.44827586207
"2408",491.880781089414,3148.82032667877,491.880781089414,3148.82032667877
"2403",492.137718396711,3194.19237749546,492.137718396711,3194.19237749546
"2397",492.394655704008,3248.6388384755,492.394655704008,3248.6388384755
"2391",492.651593011305,3303.08529945554,492.651593011305,3303.08529945554
"2386",492.908530318602,3348.45735027223,492.908530318602,3348.45735027223
"2381",493.165467625899,3393.82940108893,493.165467625899,3393.82940108893
"2374",493.422404933196,3457.35027223231,493.422404933196,3457.35027223231
"2370",493.679342240493,3493.64791288566,493.679342240493,3493.64791288566
"2365",493.93627954779,3539.01996370236,493.93627954779,3539.01996370236
"2356",494.193216855087,3620.68965517241,494.193216855087,3620.68965517241
"2352",494.450154162384,3656.98729582577,494.450154162384,3656.98729582577
"2348",494.707091469681,3693.28493647913,494.707091469681,3693.28493647913
"2341",494.964028776978,3756.8058076225,494.964028776978,3756.8058076225
"2336",495.220966084275,3802.1778584392,495.220966084275,3802.1778584392
"2331",495.477903391572,3847.5499092559,495.477903391572,3847.5499092559
"2324",495.734840698869,3911.07078039927,495.734840698869,3911.07078039927
"2320",495.991778006166,3947.36842105263,495.991778006166,3947.36842105263
"2316",496.248715313463,3983.66606170599,496.248715313463,3983.66606170599
"2309",496.505652620761,4047.18693284936,496.505652620761,4047.18693284936
"2305",496.762589928058,4083.48457350272,496.762589928058,4083.48457350272
"2300",497.019527235355,4128.85662431942,497.019527235355,4128.85662431942
"2295",497.276464542652,4174.22867513612,497.276464542652,4174.22867513612
"2290",497.533401849949,4219.60072595281,497.533401849949,4219.60072595281
"2287",497.790339157246,4246.82395644283,497.790339157246,4246.82395644283
"2283",498.047276464543,4283.12159709619,498.047276464543,4283.12159709619
"2279",498.30421377184,4319.41923774955,498.30421377184,4319.41923774955
"2275",498.561151079137,4355.7168784029,498.561151079137,4355.7168784029
"2271",498.818088386434,4392.01451905626,498.818088386434,4392.01451905626
"2267",499.075025693731,4428.31215970962,499.075025693731,4428.31215970962
"2265",499.331963001028,4446.4609800363,499.331963001028,4446.4609800363
"2262",499.588900308325,4473.68421052632,499.588900308325,4473.68421052632
"2259",499.845837615622,4500.90744101633,499.845837615622,4500.90744101633
"2257",500.102774922919,4519.05626134301,500.102774922919,4519.05626134301
"2255",500.359712230216,4537.20508166969,500.359712230216,4537.20508166969
"2254",500.616649537513,4546.27949183303,500.616649537513,4546.27949183303
"2253",500.87358684481,4555.35390199637,500.87358684481,4555.35390199637
"2252",501.130524152107,4555.35390199637,501.130524152107,4555.35390199637
"2251",501.387461459404,4555.35390199637,501.387461459404,4555.35390199637
"2250",501.644398766701,4555.35390199637,501.644398766701,4555.35390199637
"2248",501.901336073998,4537.20508166969,501.901336073998,4537.20508166969
"2246",502.158273381295,4519.05626134301,502.158273381295,4519.05626134301
"2244",502.415210688592,4500.90744101633,502.415210688592,4500.90744101633
"2241",502.672147995889,4473.68421052632,502.672147995889,4473.68421052632
"2238",502.929085303186,4446.4609800363,502.929085303186,4446.4609800363
"2236",503.186022610483,4428.31215970962,503.186022610483,4428.31215970962
"2232",503.44295991778,4392.01451905626,503.44295991778,4392.01451905626
"2228",503.699897225077,4355.7168784029,503.699897225077,4355.7168784029
"2225",503.956834532374,4328.49364791289,503.956834532374,4328.49364791289
"2221",504.213771839671,4292.19600725953,504.213771839671,4292.19600725953
"2216",504.470709146968,4246.82395644283,504.470709146968,4246.82395644283
"2213",504.727646454265,4219.60072595281,504.727646454265,4219.60072595281
"2210",504.984583761562,4192.3774954628,504.984583761562,4192.3774954628
"2205",505.241521068859,4147.0054446461,505.241521068859,4147.0054446461
"2202",505.498458376156,4119.78221415608,505.498458376156,4119.78221415608
"2199",505.755395683453,4092.55898366606,505.755395683453,4092.55898366606
"2194",506.01233299075,4047.18693284936,506.01233299075,4047.18693284936
"2191",506.269270298047,4019.96370235935,506.269270298047,4019.96370235935
"2187",506.526207605344,3983.66606170599,506.526207605344,3983.66606170599
"2183",506.783144912641,3947.36842105263,506.783144912641,3947.36842105263
"2181",507.040082219938,3929.21960072595,507.040082219938,3929.21960072595
"2178",507.297019527235,3901.99637023593,507.297019527235,3901.99637023593
"2174",507.553956834532,3865.69872958258,507.553956834532,3865.69872958258
"2171",507.810894141829,3838.47549909256,507.810894141829,3838.47549909256
"2169",508.067831449126,3820.32667876588,508.067831449126,3820.32667876588
"2166",508.324768756423,3793.10344827586,508.324768756423,3793.10344827586
"2163",508.58170606372,3765.88021778584,508.58170606372,3765.88021778584
"2161",508.838643371017,3747.73139745917,508.838643371017,3747.73139745917
"2159",509.095580678314,3729.58257713249,509.095580678314,3729.58257713249
"2158",509.352517985611,3720.50816696915,509.352517985611,3720.50816696915
"2157",509.609455292909,3711.43375680581,509.609455292909,3711.43375680581
"2156",509.866392600206,3702.35934664247,509.866392600206,3702.35934664247
"2155",510.123329907503,3693.28493647913,510.123329907503,3693.28493647913
"2154",510.3802672148,3684.21052631579,510.3802672148,3684.21052631579
"2153",510.637204522097,3675.13611615245,510.637204522097,3675.13611615245
"2152",510.894141829394,3666.06170598911,510.894141829394,3666.06170598911
"2151",511.151079136691,3656.98729582577,511.151079136691,3656.98729582577
"2150",511.408016443988,3656.98729582577,511.408016443988,3656.98729582577
"2149",511.664953751285,3647.91288566243,511.664953751285,3647.91288566243
"2148",511.921891058582,3647.91288566243,511.921891058582,3647.91288566243
"2147",512.178828365879,3647.91288566243,512.178828365879,3647.91288566243
"2146",512.435765673176,3647.91288566243,512.435765673176,3647.91288566243
"2145",512.692702980473,3647.91288566243,512.692702980473,3647.91288566243
"2144",512.94964028777,3656.98729582577,512.94964028777,3656.98729582577
"2143",513.206577595067,3666.06170598911,513.206577595067,3666.06170598911
"2142",513.463514902364,3666.06170598911,513.463514902364,3666.06170598911
"2141",513.720452209661,3675.13611615245,513.720452209661,3675.13611615245
"2140",513.977389516958,3684.21052631579,513.977389516958,3684.21052631579
"2139",514.234326824255,3693.28493647913,514.234326824255,3693.28493647913
"2137",514.491264131552,3711.43375680581,514.491264131552,3711.43375680581
"2136",514.748201438849,3720.50816696915,514.748201438849,3720.50816696915
"2135",515.005138746146,3729.58257713249,515.005138746146,3729.58257713249
"2133",515.262076053443,3747.73139745917,515.262076053443,3747.73139745917
"2132",515.51901336074,3756.8058076225,515.51901336074,3756.8058076225
"2130",515.775950668037,3774.95462794918,515.775950668037,3774.95462794918
"2128",516.032887975334,3793.10344827586,516.032887975334,3793.10344827586
"2127",516.289825282631,3802.1778584392,516.289825282631,3802.1778584392
"2124",516.546762589928,3829.40108892922,516.546762589928,3829.40108892922
"2122",516.803699897225,3847.5499092559,516.803699897225,3847.5499092559
"2120",517.060637204522,3865.69872958258,517.060637204522,3865.69872958258
"2118",517.317574511819,3883.84754990926,517.317574511819,3883.84754990926
"2116",517.574511819116,3901.99637023593,517.574511819116,3901.99637023593
"2114",517.831449126413,3920.14519056261,517.831449126413,3920.14519056261
"2112",518.08838643371,3938.29401088929,518.08838643371,3938.29401088929
"2109",518.345323741007,3965.51724137931,518.345323741007,3965.51724137931
"2107",518.602261048304,3983.66606170599,518.602261048304,3983.66606170599
"2104",518.859198355601,4010.88929219601,518.859198355601,4010.88929219601
"2102",519.116135662898,4029.03811252269,519.116135662898,4029.03811252269
"2100",519.373072970195,4047.18693284936,519.373072970195,4047.18693284936
"2098",519.630010277492,4065.33575317604,519.630010277492,4065.33575317604
"2096",519.886947584789,4083.48457350272,519.886947584789,4083.48457350272
"2094",520.143884892086,4101.6333938294,520.143884892086,4101.6333938294
"2092",520.400822199383,4119.78221415608,520.400822199383,4119.78221415608
"2090",520.65775950668,4137.93103448276,520.65775950668,4137.93103448276
"2088",520.914696813977,4156.07985480944,520.914696813977,4156.07985480944
"2086",521.171634121274,4174.22867513612,521.171634121274,4174.22867513612
"2084",521.428571428571,4192.3774954628,521.428571428571,4192.3774954628
"2082",521.685508735868,4210.52631578947,521.685508735868,4210.52631578947
"2081",521.942446043165,4219.60072595281,521.942446043165,4219.60072595281
"2079",522.199383350463,4237.74954627949,522.199383350463,4237.74954627949
"2078",522.45632065776,4246.82395644283,522.45632065776,4246.82395644283
"2076",522.713257965057,4264.97277676951,522.713257965057,4264.97277676951
"2075",522.970195272354,4274.04718693285,522.970195272354,4274.04718693285
"2074",523.227132579651,4283.12159709619,523.227132579651,4283.12159709619
"2073",523.484069886948,4283.12159709619,523.484069886948,4283.12159709619
"2072",523.741007194245,4292.19600725953,523.741007194245,4292.19600725953
"2071",523.997944501542,4292.19600725953,523.997944501542,4292.19600725953
"2070",524.254881808839,4301.27041742287,524.254881808839,4301.27041742287
"2069",524.511819116136,4301.27041742287,524.511819116136,4301.27041742287
"2068",524.768756423433,4310.34482758621,524.768756423433,4310.34482758621
"2067",525.02569373073,4310.34482758621,525.02569373073,4310.34482758621
"2066",525.282631038027,4310.34482758621,525.282631038027,4310.34482758621
"2065",525.539568345324,4301.27041742287,525.539568345324,4301.27041742287
"2064",525.796505652621,4301.27041742287,525.796505652621,4301.27041742287
"2063",526.053442959918,4292.19600725953,526.053442959918,4292.19600725953
"2062",526.310380267215,4292.19600725953,526.310380267215,4292.19600725953
"2061",526.567317574512,4283.12159709619,526.567317574512,4283.12159709619
"2060",526.824254881809,4274.04718693285,526.824254881809,4274.04718693285
"2059",527.081192189106,4274.04718693285,527.081192189106,4274.04718693285
"2058",527.338129496403,4264.97277676951,527.338129496403,4264.97277676951
"2057",527.5950668037,4255.89836660617,527.5950668037,4255.89836660617
"2056",527.852004110997,4246.82395644283,527.852004110997,4246.82395644283
"2054",528.108941418294,4228.67513611615,528.108941418294,4228.67513611615
"2053",528.365878725591,4219.60072595281,528.365878725591,4219.60072595281
"2052",528.622816032888,4210.52631578947,528.622816032888,4210.52631578947
"2050",528.879753340185,4192.3774954628,528.879753340185,4192.3774954628
"2049",529.136690647482,4183.30308529946,529.136690647482,4183.30308529946
"2047",529.393627954779,4165.15426497278,529.393627954779,4165.15426497278
"2046",529.650565262076,4156.07985480944,529.650565262076,4156.07985480944
"2044",529.907502569373,4137.93103448276,529.907502569373,4137.93103448276
"2043",530.16443987667,4128.85662431942,530.16443987667,4128.85662431942
"2042",530.421377183967,4119.78221415608,530.421377183967,4119.78221415608
"2040",530.678314491264,4101.6333938294,530.678314491264,4101.6333938294
"2039",530.935251798561,4092.55898366606,530.935251798561,4092.55898366606
"2037",531.192189105858,4074.41016333938,531.192189105858,4074.41016333938
"2036",531.449126413155,4065.33575317604,531.449126413155,4065.33575317604
"2034",531.706063720452,4047.18693284936,531.706063720452,4047.18693284936
"2033",531.963001027749,4038.11252268603,531.963001027749,4038.11252268603
"2031",532.219938335046,4019.96370235935,532.219938335046,4019.96370235935
"2029",532.476875642343,4001.81488203267,532.476875642343,4001.81488203267
"2028",532.73381294964,3992.74047186933,532.73381294964,3992.74047186933
"2026",532.990750256937,3974.59165154265,532.990750256937,3974.59165154265
"2024",533.247687564234,3956.44283121597,533.247687564234,3956.44283121597
"2022",533.504624871531,3938.29401088929,533.504624871531,3938.29401088929
"2021",533.761562178828,3929.21960072595,533.761562178828,3929.21960072595
"2020",534.018499486125,3920.14519056261,534.018499486125,3920.14519056261
"2018",534.275436793422,3901.99637023593,534.275436793422,3901.99637023593
"2017",534.532374100719,3892.9219600726,534.532374100719,3892.9219600726
"2015",534.789311408016,3874.77313974592,534.789311408016,3874.77313974592
"2013",535.046248715313,3856.62431941924,535.046248715313,3856.62431941924
"2012",535.30318602261,3847.5499092559,535.30318602261,3847.5499092559
"2010",535.560123329907,3829.40108892922,535.560123329907,3829.40108892922
"2008",535.817060637205,3811.25226860254,535.817060637205,3811.25226860254
"2007",536.073997944502,3802.1778584392,536.073997944502,3802.1778584392
"2005",536.330935251799,3784.02903811252,536.330935251799,3784.02903811252
"2003",536.587872559096,3765.88021778584,536.587872559096,3765.88021778584
"2002",536.844809866393,3756.8058076225,536.844809866393,3756.8058076225
"2000",537.10174717369,3738.65698729583,537.10174717369,3738.65698729583
"1997",537.358684480987,3711.43375680581,537.358684480987,3711.43375680581
"1995",537.615621788284,3693.28493647913,537.615621788284,3693.28493647913
"1993",537.872559095581,3675.13611615245,537.872559095581,3675.13611615245
"1991",538.129496402878,3656.98729582577,538.129496402878,3656.98729582577
"1990",538.386433710175,3647.91288566243,538.386433710175,3647.91288566243
"1989",538.643371017472,3638.83847549909,538.643371017472,3638.83847549909
"1987",538.900308324769,3620.68965517241,538.900308324769,3620.68965517241
"1986",539.157245632066,3611.61524500907,539.157245632066,3611.61524500907
"1984",539.414182939363,3593.4664246824,539.414182939363,3593.4664246824
"1981",539.67112024666,3566.24319419238,539.67112024666,3566.24319419238
"1980",539.928057553957,3557.16878402904,539.928057553957,3557.16878402904
"1978",540.184994861254,3539.01996370236,540.184994861254,3539.01996370236
"1976",540.441932168551,3520.87114337568,540.441932168551,3520.87114337568
"1975",540.698869475848,3511.79673321234,540.698869475848,3511.79673321234
"1973",540.955806783145,3493.64791288566,540.955806783145,3493.64791288566
"1972",541.212744090442,3484.57350272232,541.212744090442,3484.57350272232
"1971",541.469681397739,3475.49909255898,541.469681397739,3475.49909255898
"1969",541.726618705036,3457.35027223231,541.726618705036,3457.35027223231
"1968",541.983556012333,3448.27586206897,541.983556012333,3448.27586206897
"1967",542.24049331963,3439.20145190563,542.24049331963,3439.20145190563
"1965",542.497430626927,3421.05263157895,542.497430626927,3421.05263157895
"1964",542.754367934224,3411.97822141561,542.754367934224,3411.97822141561
"1962",543.011305241521,3393.82940108893,543.011305241521,3393.82940108893
"1960",543.268242548818,3375.68058076225,543.268242548818,3375.68058076225
"1959",543.525179856115,3366.60617059891,543.525179856115,3366.60617059891
"1957",543.782117163412,3348.45735027223,543.782117163412,3348.45735027223
"1956",544.039054470709,3339.38294010889,544.039054470709,3339.38294010889
"1955",544.295991778006,3330.30852994555,544.295991778006,3330.30852994555
"1954",544.552929085303,3321.23411978221,544.552929085303,3321.23411978221
"1953",544.8098663926,3312.15970961887,544.8098663926,3312.15970961887
"1952",545.066803699897,3303.08529945554,545.066803699897,3303.08529945554
"1950",545.323741007194,3284.93647912886,545.323741007194,3284.93647912886
"1949",545.580678314491,3275.86206896552,545.580678314491,3275.86206896552
"1948",545.837615621788,3266.78765880218,545.837615621788,3266.78765880218
"1946",546.094552929085,3248.6388384755,546.094552929085,3248.6388384755
"1945",546.351490236382,3239.56442831216,546.351490236382,3239.56442831216
"1944",546.608427543679,3230.49001814882,546.608427543679,3230.49001814882
"1942",546.865364850976,3212.34119782214,546.865364850976,3212.34119782214
"1941",547.122302158273,3203.2667876588,547.122302158273,3203.2667876588
"1940",547.37923946557,3194.19237749546,547.37923946557,3194.19237749546
"1939",547.636176772867,3185.11796733212,547.636176772867,3185.11796733212
"1937",547.893114080164,3166.96914700544,547.893114080164,3166.96914700544
"1936",548.150051387461,3157.89473684211,548.150051387461,3157.89473684211
"1935",548.406988694759,3148.82032667877,548.406988694759,3148.82032667877
"1934",548.663926002056,3139.74591651543,548.663926002056,3139.74591651543
"1933",548.920863309353,3130.67150635209,548.920863309353,3130.67150635209
"1932",549.17780061665,3130.67150635209,549.17780061665,3130.67150635209
"1931",549.434737923947,3121.59709618875,549.434737923947,3121.59709618875
"1930",549.691675231244,3112.52268602541,549.691675231244,3112.52268602541
"1929",549.948612538541,3103.44827586207,549.948612538541,3103.44827586207
"1928",550.205549845838,3094.37386569873,550.205549845838,3094.37386569873
"1927",550.462487153135,3094.37386569873,550.462487153135,3094.37386569873
"1925",550.719424460432,3076.22504537205,550.719424460432,3076.22504537205
"1924",550.976361767729,3067.15063520871,550.976361767729,3067.15063520871
"1923",551.233299075026,3058.07622504537,551.233299075026,3058.07622504537
"1922",551.490236382323,3049.00181488203,551.490236382323,3049.00181488203
"1920",551.74717368962,3030.85299455535,551.74717368962,3030.85299455535
"1919",552.004110996917,3021.77858439201,552.004110996917,3021.77858439201
"1918",552.261048304214,3012.70417422868,552.261048304214,3012.70417422868
"1917",552.517985611511,3003.62976406534,552.517985611511,3003.62976406534
"1916",552.774922918808,2994.555353902,552.774922918808,2994.555353902
"1914",553.031860226105,2976.40653357532,553.031860226105,2976.40653357532
"1912",553.288797533402,2958.25771324864,553.288797533402,2958.25771324864
"1911",553.545734840699,2949.1833030853,553.545734840699,2949.1833030853
"1910",553.802672147996,2940.10889292196,553.802672147996,2940.10889292196
"1908",554.059609455293,2921.96007259528,554.059609455293,2921.96007259528
"1907",554.31654676259,2912.88566243194,554.31654676259,2912.88566243194
"1905",554.573484069887,2894.73684210526,554.573484069887,2894.73684210526
"1904",554.830421377184,2885.66243194192,554.830421377184,2885.66243194192
"1902",555.087358684481,2867.51361161525,555.087358684481,2867.51361161525
"1901",555.344295991778,2858.43920145191,555.344295991778,2858.43920145191
"1900",555.601233299075,2849.36479128857,555.601233299075,2849.36479128857
"1898",555.858170606372,2831.21597096189,555.858170606372,2831.21597096189
"1897",556.115107913669,2822.14156079855,556.115107913669,2822.14156079855
"1895",556.372045220966,2803.99274047187,556.372045220966,2803.99274047187
"1894",556.628982528263,2794.91833030853,556.628982528263,2794.91833030853
"1892",556.88591983556,2776.76950998185,556.88591983556,2776.76950998185
"1891",557.142857142857,2767.69509981851,557.142857142857,2767.69509981851
"1889",557.399794450154,2749.54627949183,557.399794450154,2749.54627949183
"1887",557.656731757451,2731.39745916515,557.656731757451,2731.39745916515
"1886",557.913669064748,2722.32304900181,557.913669064748,2722.32304900181
"1884",558.170606372045,2704.17422867514,558.170606372045,2704.17422867514
"1882",558.427543679342,2686.02540834846,558.427543679342,2686.02540834846
"1881",558.684480986639,2676.95099818512,558.684480986639,2676.95099818512
"1879",558.941418293936,2658.80217785844,558.941418293936,2658.80217785844
"1878",559.198355601233,2649.7277676951,559.198355601233,2649.7277676951
"1876",559.45529290853,2631.57894736842,559.45529290853,2631.57894736842
"1875",559.712230215827,2622.50453720508,559.712230215827,2622.50453720508
"1873",559.969167523124,2604.3557168784,559.969167523124,2604.3557168784
"1872",560.226104830421,2595.28130671506,560.226104830421,2595.28130671506
"1870",560.483042137718,2577.13248638838,560.483042137718,2577.13248638838
"1868",560.739979445015,2558.98366606171,560.739979445015,2558.98366606171
"1867",560.996916752312,2549.90925589837,560.996916752312,2549.90925589837
"1866",561.253854059609,2540.83484573503,561.253854059609,2540.83484573503
"1865",561.510791366906,2531.76043557169,561.510791366906,2531.76043557169
"1863",561.767728674203,2513.61161524501,561.767728674203,2513.61161524501
"1862",562.024665981501,2504.53720508167,562.024665981501,2504.53720508167
"1860",562.281603288798,2486.38838475499,562.281603288798,2486.38838475499
"1859",562.538540596095,2477.31397459165,562.538540596095,2477.31397459165
"1858",562.795477903392,2468.23956442831,562.795477903392,2468.23956442831
"1857",563.052415210689,2459.16515426497,563.052415210689,2459.16515426497
"1856",563.309352517986,2450.09074410163,563.309352517986,2450.09074410163
"1854",563.566289825283,2431.94192377495,563.566289825283,2431.94192377495
"1853",563.82322713258,2422.86751361162,563.82322713258,2422.86751361162
"1852",564.080164439877,2413.79310344828,564.080164439877,2413.79310344828
"1850",564.337101747174,2395.6442831216,564.337101747174,2395.6442831216
"1849",564.594039054471,2386.56987295826,564.594039054471,2386.56987295826
"1848",564.850976361768,2377.49546279492,564.850976361768,2377.49546279492
"1847",565.107913669065,2368.42105263158,565.107913669065,2368.42105263158
"1846",565.364850976362,2359.34664246824,565.364850976362,2359.34664246824
"1845",565.621788283659,2350.2722323049,565.621788283659,2350.2722323049
"1844",565.878725590956,2341.19782214156,565.878725590956,2341.19782214156
"1843",566.135662898253,2332.12341197822,566.135662898253,2332.12341197822
"1842",566.39260020555,2323.04900181488,566.39260020555,2323.04900181488
"1841",566.649537512847,2313.97459165154,566.649537512847,2313.97459165154
"1840",566.906474820144,2304.9001814882,566.906474820144,2304.9001814882
"1839",567.163412127441,2295.82577132486,567.163412127441,2295.82577132486
"1838",567.420349434738,2286.75136116152,567.420349434738,2286.75136116152
"1837",567.677286742035,2277.67695099819,567.677286742035,2277.67695099819
"1836",567.934224049332,2268.60254083485,567.934224049332,2268.60254083485
"1835",568.191161356629,2259.52813067151,568.191161356629,2259.52813067151
"1833",568.448098663926,2241.37931034483,568.448098663926,2241.37931034483
"1831",568.705035971223,2223.23049001815,568.705035971223,2223.23049001815
"1830",568.96197327852,2214.15607985481,568.96197327852,2214.15607985481
"1828",569.218910585817,2196.00725952813,569.218910585817,2196.00725952813
"1827",569.475847893114,2186.93284936479,569.475847893114,2186.93284936479
"1826",569.732785200411,2177.85843920145,569.732785200411,2177.85843920145
"1825",569.989722507708,2168.78402903811,569.989722507708,2168.78402903811
"1824",570.246659815005,2159.70961887477,570.246659815005,2159.70961887477
"1823",570.503597122302,2150.63520871143,570.503597122302,2150.63520871143
"1822",570.760534429599,2141.56079854809,570.760534429599,2141.56079854809
"1820",571.017471736896,2123.41197822142,571.017471736896,2123.41197822142
"1819",571.274409044193,2114.33756805808,571.274409044193,2114.33756805808
"1818",571.53134635149,2105.26315789474,571.53134635149,2105.26315789474
"1816",571.788283658787,2087.11433756806,571.788283658787,2087.11433756806
"1815",572.045220966084,2078.03992740472,572.045220966084,2078.03992740472
"1814",572.302158273381,2068.96551724138,572.302158273381,2068.96551724138
"1813",572.559095580678,2059.89110707804,572.559095580678,2059.89110707804
"1812",572.816032887975,2050.8166969147,572.816032887975,2050.8166969147
"1810",573.072970195272,2032.66787658802,573.072970195272,2032.66787658802
"1809",573.329907502569,2023.59346642468,573.329907502569,2023.59346642468
"1808",573.586844809866,2014.51905626134,573.586844809866,2014.51905626134
"1807",573.843782117163,2005.444646098,573.843782117163,2005.444646098
"1806",574.10071942446,1996.37023593466,574.10071942446,1996.37023593466
"1804",574.357656731757,1978.22141560799,574.357656731757,1978.22141560799
"1803",574.614594039055,1969.14700544465,574.614594039055,1969.14700544465
"1802",574.871531346352,1960.07259528131,574.871531346352,1960.07259528131
"1800",575.128468653648,1941.92377495463,575.128468653648,1941.92377495463
"1799",575.385405960945,1932.84936479129,575.385405960945,1932.84936479129
"1797",575.642343268242,1914.70054446461,575.642343268242,1914.70054446461
"1795",575.89928057554,1896.55172413793,575.89928057554,1896.55172413793
"1794",576.156217882837,1887.47731397459,576.156217882837,1887.47731397459
"1792",576.413155190134,1869.32849364791,576.413155190134,1869.32849364791
"1791",576.670092497431,1860.25408348457,576.670092497431,1860.25408348457
"1789",576.927029804728,1842.10526315789,576.927029804728,1842.10526315789
"1788",577.183967112025,1833.03085299456,577.183967112025,1833.03085299456
"1786",577.440904419322,1814.88203266788,577.440904419322,1814.88203266788
"1785",577.697841726619,1805.80762250454,577.697841726619,1805.80762250454
"1784",577.954779033916,1796.7332123412,577.954779033916,1796.7332123412
"1782",578.211716341213,1778.58439201452,578.211716341213,1778.58439201452
"1781",578.46865364851,1769.50998185118,578.46865364851,1769.50998185118
"1779",578.725590955807,1751.3611615245,578.725590955807,1751.3611615245
"1778",578.982528263104,1742.28675136116,578.982528263104,1742.28675136116
"1777",579.239465570401,1733.21234119782,579.239465570401,1733.21234119782
"1776",579.496402877698,1724.13793103448,579.496402877698,1724.13793103448
"1774",579.753340184995,1705.9891107078,579.753340184995,1705.9891107078
"1773",580.010277492292,1696.91470054446,580.010277492292,1696.91470054446
"1772",580.267214799589,1687.84029038113,580.267214799589,1687.84029038113
"1770",580.524152106886,1669.69147005445,580.524152106886,1669.69147005445
"1769",580.781089414183,1660.61705989111,580.781089414183,1660.61705989111
"1768",581.03802672148,1651.54264972777,581.03802672148,1651.54264972777
"1767",581.294964028777,1642.46823956443,581.294964028777,1642.46823956443
"1766",581.551901336074,1633.39382940109,581.551901336074,1633.39382940109
"1765",581.808838643371,1624.31941923775,581.808838643371,1624.31941923775
"1763",582.065775950668,1606.17059891107,582.065775950668,1606.17059891107
"1762",582.322713257965,1597.09618874773,582.322713257965,1597.09618874773
"1761",582.579650565262,1588.02177858439,582.579650565262,1588.02177858439
"1760",582.836587872559,1578.94736842105,582.836587872559,1578.94736842105
"1759",583.093525179856,1569.87295825771,583.093525179856,1569.87295825771
"1758",583.350462487153,1560.79854809437,583.350462487153,1560.79854809437
"1757",583.60739979445,1551.72413793103,583.60739979445,1551.72413793103
"1756",583.864337101747,1542.6497277677,583.864337101747,1542.6497277677
"1755",584.121274409044,1533.57531760436,584.121274409044,1533.57531760436
"1754",584.378211716341,1524.50090744102,584.378211716341,1524.50090744102
"1753",584.635149023638,1515.42649727768,584.635149023638,1515.42649727768
"1752",584.892086330935,1506.35208711434,584.892086330935,1506.35208711434
"1751",585.149023638232,1497.277676951,585.149023638232,1497.277676951
"1750",585.405960945529,1497.277676951,585.405960945529,1497.277676951
"1749",585.662898252826,1488.20326678766,585.662898252826,1488.20326678766
"1748",585.919835560123,1479.12885662432,585.919835560123,1479.12885662432
"1747",586.17677286742,1470.05444646098,586.17677286742,1470.05444646098
"1746",586.433710174717,1460.98003629764,586.433710174717,1460.98003629764
"1745",586.690647482014,1451.9056261343,586.690647482014,1451.9056261343
"1744",586.947584789311,1451.9056261343,586.947584789311,1451.9056261343
"1743",587.204522096608,1442.83121597096,587.204522096608,1442.83121597096
"1742",587.461459403905,1433.75680580762,587.461459403905,1433.75680580762
"1741",587.718396711202,1424.68239564428,587.718396711202,1424.68239564428
"1740",587.9753340185,1424.68239564428,587.9753340185,1424.68239564428
"1739",588.232271325797,1415.60798548094,588.232271325797,1415.60798548094
"1738",588.489208633094,1406.5335753176,588.489208633094,1406.5335753176
"1737",588.746145940391,1397.45916515427,588.746145940391,1397.45916515427
"1736",589.003083247688,1388.38475499093,589.003083247688,1388.38475499093
"1735",589.260020554985,1388.38475499093,589.260020554985,1388.38475499093
"1734",589.516957862282,1379.31034482759,589.516957862282,1379.31034482759
"1733",589.773895169579,1370.23593466425,589.773895169579,1370.23593466425
"1732",590.030832476876,1361.16152450091,590.030832476876,1361.16152450091
"1731",590.287769784173,1361.16152450091,590.287769784173,1361.16152450091
"1730",590.54470709147,1352.08711433757,590.54470709147,1352.08711433757
"1729",590.801644398767,1343.01270417423,590.801644398767,1343.01270417423
"1728",591.058581706064,1333.93829401089,591.058581706064,1333.93829401089
"1727",591.315519013361,1324.86388384755,591.315519013361,1324.86388384755
"1726",591.572456320658,1324.86388384755,591.572456320658,1324.86388384755
"1725",591.829393627955,1315.78947368421,591.829393627955,1315.78947368421
"1724",592.086330935252,1306.71506352087,592.086330935252,1306.71506352087
"1723",592.343268242549,1306.71506352087,592.343268242549,1306.71506352087
"1722",592.600205549846,1297.64065335753,592.600205549846,1297.64065335753
"1721",592.857142857143,1288.56624319419,592.857142857143,1288.56624319419
"1720",593.11408016444,1279.49183303085,593.11408016444,1279.49183303085
"1719",593.371017471737,1270.41742286751,593.371017471737,1270.41742286751
"1718",593.627954779034,1261.34301270417,593.627954779034,1261.34301270417
"1717",593.884892086331,1252.26860254083,593.884892086331,1252.26860254083
"1716",594.141829393628,1243.1941923775,594.141829393628,1243.1941923775
"1715",594.398766700925,1234.11978221416,594.398766700925,1234.11978221416
"1714",594.655704008222,1225.04537205082,594.655704008222,1225.04537205082
"1713",594.912641315519,1215.97096188748,594.912641315519,1215.97096188748
"1712",595.169578622816,1215.97096188748,595.169578622816,1215.97096188748
"1711",595.426515930113,1206.89655172414,595.426515930113,1206.89655172414
"1710",595.68345323741,1197.8221415608,595.68345323741,1197.8221415608
"1709",595.940390544707,1188.74773139746,595.940390544707,1188.74773139746
"1708",596.197327852004,1179.67332123412,596.197327852004,1179.67332123412
"1707",596.454265159301,1170.59891107078,596.454265159301,1170.59891107078
"1706",596.711202466598,1161.52450090744,596.711202466598,1161.52450090744
"1705",596.968139773895,1161.52450090744,596.968139773895,1161.52450090744
"1704",597.225077081192,1152.4500907441,597.225077081192,1152.4500907441
"1702",597.482014388489,1134.30127041742,597.482014388489,1134.30127041742
"1701",597.738951695786,1125.22686025408,597.738951695786,1125.22686025408
"1700",597.995889003083,1116.15245009074,597.995889003083,1116.15245009074
"1699",598.25282631038,1116.15245009074,598.25282631038,1116.15245009074
"1698",598.509763617677,1107.0780399274,598.509763617677,1107.0780399274
"1697",598.766700924974,1098.00362976407,598.766700924974,1098.00362976407
"1696",599.023638232271,1088.92921960073,599.023638232271,1088.92921960073
"1695",599.280575539568,1079.85480943739,599.280575539568,1079.85480943739
"1694",599.537512846865,1070.78039927405,599.537512846865,1070.78039927405
"1693",599.794450154162,1061.70598911071,599.794450154162,1061.70598911071
"1692",600.051387461459,1052.63157894737,600.051387461459,1052.63157894737
"1691",600.308324768756,1052.63157894737,600.308324768756,1052.63157894737
"1690",600.565262076053,1043.55716878403,600.565262076053,1043.55716878403
"1689",600.82219938335,1034.48275862069,600.82219938335,1034.48275862069
"1688",601.079136690647,1034.48275862069,601.079136690647,1034.48275862069
"1687",601.336073997944,1025.40834845735,601.336073997944,1025.40834845735
"1686",601.593011305242,1025.40834845735,601.593011305242,1025.40834845735
"1685",601.849948612539,1016.33393829401,601.849948612539,1016.33393829401
"1684",602.106885919836,1016.33393829401,602.106885919836,1016.33393829401
"1683",602.363823227133,1007.25952813067,602.363823227133,1007.25952813067
"1682",602.62076053443,1007.25952813067,602.62076053443,1007.25952813067
"1681",602.877697841727,998.185117967332,602.877697841727,998.185117967332
"1680",603.134635149024,998.185117967332,603.134635149024,998.185117967332
"1679",603.391572456321,989.110707803993,603.391572456321,989.110707803993
"1678",603.648509763618,989.110707803993,603.648509763618,989.110707803993
"1677",603.905447070915,980.036297640653,603.905447070915,980.036297640653
"1676",604.162384378212,980.036297640653,604.162384378212,980.036297640653
"1675",604.419321685509,970.961887477314,604.419321685509,970.961887477314
"1674",604.676258992806,970.961887477314,604.676258992806,970.961887477314
"1673",604.933196300103,961.887477313975,604.933196300103,961.887477313975
"1672",605.1901336074,961.887477313975,605.1901336074,961.887477313975
"1671",605.447070914697,952.813067150635,605.447070914697,952.813067150635
"1670",605.704008221994,952.813067150635,605.704008221994,952.813067150635
"1669",605.960945529291,943.738656987296,605.960945529291,943.738656987296
"1668",606.217882836588,943.738656987296,606.217882836588,943.738656987296
"1667",606.474820143885,934.664246823956,606.474820143885,934.664246823956
"1666",606.731757451182,925.589836660617,606.731757451182,925.589836660617
"1665",606.988694758479,925.589836660617,606.988694758479,925.589836660617
"1664",607.245632065776,916.515426497278,607.245632065776,916.515426497278
"1663",607.502569373073,907.441016333938,607.502569373073,907.441016333938
"1662",607.75950668037,898.366606170599,607.75950668037,898.366606170599
"1661",608.016443987667,898.366606170599,608.016443987667,898.366606170599
"1660",608.273381294964,889.29219600726,608.273381294964,889.29219600726
"1659",608.530318602261,889.29219600726,608.530318602261,889.29219600726
"1658",608.787255909558,880.21778584392,608.787255909558,880.21778584392
"1657",609.044193216855,871.143375680581,609.044193216855,871.143375680581
"1656",609.301130524152,862.068965517241,609.301130524152,862.068965517241
"1655",609.558067831449,862.068965517241,609.558067831449,862.068965517241
"1654",609.815005138746,852.994555353902,609.815005138746,852.994555353902
"1653",610.071942446043,843.920145190563,610.071942446043,843.920145190563
"1652",610.32887975334,843.920145190563,610.32887975334,843.920145190563
"1651",610.585817060637,834.845735027223,610.585817060637,834.845735027223
"1650",610.842754367934,825.771324863884,610.842754367934,825.771324863884
"1649",611.099691675231,825.771324863884,611.099691675231,825.771324863884
"1648",611.356628982528,816.696914700545,611.356628982528,816.696914700545
"1647",611.613566289825,807.622504537205,611.613566289825,807.622504537205
"1646",611.870503597122,798.548094373866,611.870503597122,798.548094373866
"1645",612.127440904419,789.473684210526,612.127440904419,789.473684210526
"1644",612.384378211716,789.473684210526,612.384378211716,789.473684210526
"1643",612.641315519013,780.399274047187,612.641315519013,780.399274047187
"1642",612.89825282631,771.324863883848,612.89825282631,771.324863883848
"1641",613.155190133607,771.324863883848,613.155190133607,771.324863883848
"1640",613.412127440904,762.250453720508,613.412127440904,762.250453720508
"1639",613.669064748201,753.176043557169,613.669064748201,753.176043557169
"1638",613.926002055498,753.176043557169,613.926002055498,753.176043557169
"1637",614.182939362795,744.101633393829,614.182939362795,744.101633393829
"1636",614.439876670093,735.02722323049,614.439876670093,735.02722323049
"1635",614.69681397739,735.02722323049,614.69681397739,735.02722323049
"1634",614.953751284687,725.952813067151,614.953751284687,725.952813067151
"1633",615.210688591984,725.952813067151,615.210688591984,725.952813067151
"1632",615.467625899281,716.878402903811,615.467625899281,716.878402903811
"1631",615.724563206578,716.878402903811,615.724563206578,716.878402903811
"1630",615.981500513875,707.803992740472,615.981500513875,707.803992740472
"1629",616.238437821172,698.729582577133,616.238437821172,698.729582577133
"1628",616.495375128469,698.729582577133,616.495375128469,698.729582577133
"1627",616.752312435766,689.655172413793,616.752312435766,689.655172413793
"1626",617.009249743063,689.655172413793,617.009249743063,689.655172413793
"1625",617.26618705036,680.580762250454,617.26618705036,680.580762250454
"1624",617.523124357657,680.580762250454,617.523124357657,680.580762250454
"1623",617.780061664954,680.580762250454,617.780061664954,680.580762250454
"1622",618.036998972251,671.506352087114,618.036998972251,671.506352087114
"1621",618.293936279548,671.506352087114,618.293936279548,671.506352087114
"1620",618.550873586845,671.506352087114,618.550873586845,671.506352087114
"1619",618.807810894142,662.431941923775,618.807810894142,662.431941923775
"1618",619.064748201439,662.431941923775,619.064748201439,662.431941923775
"1617",619.321685508736,662.431941923775,619.321685508736,662.431941923775
"1616",619.578622816033,653.357531760436,619.578622816033,653.357531760436
"1615",619.83556012333,653.357531760436,619.83556012333,653.357531760436
"1614",620.092497430627,653.357531760436,620.092497430627,653.357531760436
"1613",620.349434737924,653.357531760436,620.349434737924,653.357531760436
"1612",620.606372045221,644.283121597096,620.606372045221,644.283121597096
"1611",620.863309352518,644.283121597096,620.863309352518,644.283121597096
"1610",621.120246659815,644.283121597096,621.120246659815,644.283121597096
"1609",621.377183967112,644.283121597096,621.377183967112,644.283121597096
"1608",621.634121274409,635.208711433757,621.634121274409,635.208711433757
"1607",621.891058581706,635.208711433757,621.891058581706,635.208711433757
"1606",622.147995889003,635.208711433757,622.147995889003,635.208711433757
"1605",622.4049331963,626.134301270417,622.4049331963,626.134301270417
"1604",622.661870503597,626.134301270417,622.661870503597,626.134301270417
"1603",622.918807810894,626.134301270417,622.918807810894,626.134301270417
"1602",623.175745118191,617.059891107078,623.175745118191,617.059891107078
"1601",623.432682425488,617.059891107078,623.432682425488,617.059891107078
"1600",623.689619732785,617.059891107078,623.689619732785,617.059891107078
"1599",623.946557040082,607.985480943739,623.946557040082,607.985480943739
"1598",624.203494347379,607.985480943739,624.203494347379,607.985480943739
"1597",624.460431654676,607.985480943739,624.460431654676,607.985480943739
"1596",624.717368961973,598.911070780399,624.717368961973,598.911070780399
"1595",624.97430626927,598.911070780399,624.97430626927,598.911070780399
"1594",625.231243576567,589.83666061706,625.231243576567,589.83666061706
"1593",625.488180883864,589.83666061706,625.488180883864,589.83666061706
"1592",625.745118191161,580.762250453721,625.745118191161,580.762250453721
"1591",626.002055498458,580.762250453721,626.002055498458,580.762250453721
"1590",626.258992805755,580.762250453721,626.258992805755,580.762250453721
"1589",626.515930113052,571.687840290381,626.515930113052,571.687840290381
"1588",626.772867420349,571.687840290381,626.772867420349,571.687840290381
"1587",627.029804727646,562.613430127042,627.029804727646,562.613430127042
"1586",627.286742034943,562.613430127042,627.286742034943,562.613430127042
"1585",627.54367934224,553.539019963702,627.54367934224,553.539019963702
"1584",627.800616649537,553.539019963702,627.800616649537,553.539019963702
"1583",628.057553956835,544.464609800363,628.057553956835,544.464609800363
"1582",628.314491264132,535.390199637024,628.314491264132,535.390199637024
"1581",628.571428571429,535.390199637024,628.571428571429,535.390199637024
"1580",628.828365878726,526.315789473684,628.828365878726,526.315789473684
"1579",629.085303186023,526.315789473684,629.085303186023,526.315789473684
"1578",629.34224049332,517.241379310345,629.34224049332,517.241379310345
"1577",629.599177800617,517.241379310345,629.599177800617,517.241379310345
"1576",629.856115107914,508.166969147005,629.856115107914,508.166969147005
"1575",630.113052415211,508.166969147005,630.113052415211,508.166969147005
"1574",630.369989722508,508.166969147005,630.369989722508,508.166969147005
"1573",630.626927029805,499.092558983666,630.626927029805,499.092558983666
"1572",630.883864337102,499.092558983666,630.883864337102,499.092558983666
"1571",631.140801644399,499.092558983666,631.140801644399,499.092558983666
"1570",631.397738951696,499.092558983666,631.397738951696,499.092558983666
"1569",631.654676258993,499.092558983666,631.654676258993,499.092558983666
"1568",631.91161356629,499.092558983666,631.91161356629,499.092558983666
"1567",632.168550873587,490.018148820327,632.168550873587,490.018148820327
"1566",632.425488180884,490.018148820327,632.425488180884,490.018148820327
"1565",632.682425488181,490.018148820327,632.682425488181,490.018148820327
"1564",632.939362795478,490.018148820327,632.939362795478,490.018148820327
"1563",633.196300102775,490.018148820327,633.196300102775,490.018148820327
"1562",633.453237410072,490.018148820327,633.453237410072,490.018148820327
"1561",633.710174717369,490.018148820327,633.710174717369,490.018148820327
"1560",633.967112024666,490.018148820327,633.967112024666,490.018148820327
"1559",634.224049331963,490.018148820327,634.224049331963,490.018148820327
"1558",634.48098663926,490.018148820327,634.48098663926,490.018148820327
"1557",634.737923946557,490.018148820327,634.737923946557,490.018148820327
"1556",634.994861253854,490.018148820327,634.994861253854,490.018148820327
"1555",635.251798561151,480.943738656987,635.251798561151,480.943738656987
"1554",635.508735868448,480.943738656987,635.508735868448,480.943738656987
"1553",635.765673175745,480.943738656987,635.765673175745,480.943738656987
"1552",636.022610483042,480.943738656987,636.022610483042,480.943738656987
"1551",636.279547790339,480.943738656987,636.279547790339,480.943738656987
"1550",636.536485097636,480.943738656987,636.536485097636,480.943738656987
"1549",636.793422404933,480.943738656987,636.793422404933,480.943738656987
"1548",637.05035971223,480.943738656987,637.05035971223,480.943738656987
"1547",637.307297019527,480.943738656987,637.307297019527,480.943738656987
"1546",637.564234326824,480.943738656987,637.564234326824,480.943738656987
"1545",637.821171634121,471.869328493648,637.821171634121,471.869328493648
"1544",638.078108941418,471.869328493648,638.078108941418,471.869328493648
"1543",638.335046248715,471.869328493648,638.335046248715,471.869328493648
"1542",638.591983556012,471.869328493648,638.591983556012,471.869328493648
"1541",638.848920863309,462.794918330309,638.848920863309,462.794918330309
"1540",639.105858170606,462.794918330309,639.105858170606,462.794918330309
"1539",639.362795477903,453.720508166969,639.362795477903,453.720508166969
"1538",639.6197327852,453.720508166969,639.6197327852,453.720508166969
"1537",639.876670092497,453.720508166969,639.876670092497,453.720508166969
"1536",640.133607399794,444.64609800363,640.133607399794,444.64609800363
"1535",640.390544707092,444.64609800363,640.390544707092,444.64609800363
"1534",640.647482014389,444.64609800363,640.647482014389,444.64609800363
"1533",640.904419321686,444.64609800363,640.904419321686,444.64609800363
"1532",641.161356628983,435.57168784029,641.161356628983,435.57168784029
"1531",641.418293936279,435.57168784029,641.418293936279,435.57168784029
"1530",641.675231243577,435.57168784029,641.675231243577,435.57168784029
"1529",641.932168550874,426.497277676951,641.932168550874,426.497277676951
"1528",642.189105858171,426.497277676951,642.189105858171,426.497277676951
"1527",642.446043165468,426.497277676951,642.446043165468,426.497277676951
"1526",642.702980472765,426.497277676951,642.702980472765,426.497277676951
"1525",642.959917780062,426.497277676951,642.959917780062,426.497277676951
"1524",643.216855087359,417.422867513612,643.216855087359,417.422867513612
"1523",643.473792394656,417.422867513612,643.473792394656,417.422867513612
"1522",643.730729701953,417.422867513612,643.730729701953,417.422867513612
"1521",643.98766700925,417.422867513612,643.98766700925,417.422867513612
"1520",644.244604316547,417.422867513612,644.244604316547,417.422867513612
"1519",644.501541623844,417.422867513612,644.501541623844,417.422867513612
"1518",644.758478931141,408.348457350272,644.758478931141,408.348457350272
"1517",645.015416238438,408.348457350272,645.015416238438,408.348457350272
"1516",645.272353545735,408.348457350272,645.272353545735,408.348457350272
"1515",645.529290853032,399.274047186933,645.529290853032,399.274047186933
"1514",645.786228160329,399.274047186933,645.786228160329,399.274047186933
"1513",646.043165467626,399.274047186933,646.043165467626,399.274047186933
"1512",646.300102774923,399.274047186933,646.300102774923,399.274047186933
"1511",646.55704008222,390.199637023593,646.55704008222,390.199637023593
"1510",646.813977389517,390.199637023593,646.813977389517,390.199637023593
"1509",647.070914696814,390.199637023593,647.070914696814,390.199637023593
"1508",647.327852004111,390.199637023593,647.327852004111,390.199637023593
"1507",647.584789311408,390.199637023593,647.584789311408,390.199637023593
"1506",647.841726618705,390.199637023593,647.841726618705,390.199637023593
"1505",648.098663926002,390.199637023593,648.098663926002,390.199637023593
"1504",648.355601233299,381.125226860254,648.355601233299,381.125226860254
"1503",648.612538540596,381.125226860254,648.612538540596,381.125226860254
"1502",648.869475847893,381.125226860254,648.869475847893,381.125226860254
"1501",649.12641315519,372.050816696915,649.12641315519,372.050816696915
"1500",649.383350462487,372.050816696915,649.383350462487,372.050816696915
"1499",649.640287769784,372.050816696915,649.640287769784,372.050816696915
"1498",649.897225077081,362.976406533575,649.897225077081,362.976406533575
"1497",650.154162384378,362.976406533575,650.154162384378,362.976406533575
"1496",650.411099691675,362.976406533575,650.411099691675,362.976406533575
"1495",650.668036998972,362.976406533575,650.668036998972,362.976406533575
"1494",650.924974306269,362.976406533575,650.924974306269,362.976406533575
"1493",651.181911613566,353.901996370236,651.181911613566,353.901996370236
"1492",651.438848920863,353.901996370236,651.438848920863,353.901996370236
"1491",651.69578622816,344.827586206897,651.69578622816,344.827586206897
"1490",651.952723535457,335.753176043557,651.952723535457,335.753176043557
"1489",652.209660842754,335.753176043557,652.209660842754,335.753176043557
"1488",652.466598150051,326.678765880218,652.466598150051,326.678765880218
"1487",652.723535457348,326.678765880218,652.723535457348,326.678765880218
"1486",652.980472764645,317.604355716878,652.980472764645,317.604355716878
"1485",653.237410071942,317.604355716878,653.237410071942,317.604355716878
"1484",653.494347379239,308.529945553539,653.494347379239,308.529945553539
"1483",653.751284686536,308.529945553539,653.751284686536,308.529945553539
"1482",654.008221993834,299.4555353902,654.008221993834,299.4555353902
"1481",654.265159301131,299.4555353902,654.265159301131,299.4555353902
"1480",654.522096608428,299.4555353902,654.522096608428,299.4555353902
"1479",654.779033915725,290.38112522686,654.779033915725,290.38112522686
"1478",655.035971223022,290.38112522686,655.035971223022,290.38112522686
"1477",655.292908530319,281.306715063521,655.292908530319,281.306715063521
"1476",655.549845837616,281.306715063521,655.549845837616,281.306715063521
"1475",655.806783144913,281.306715063521,655.806783144913,281.306715063521
"1474",656.06372045221,281.306715063521,656.06372045221,281.306715063521
"1473",656.320657759507,281.306715063521,656.320657759507,281.306715063521
"1472",656.577595066804,272.232304900181,656.577595066804,272.232304900181
"1471",656.834532374101,272.232304900181,656.834532374101,272.232304900181
"1470",657.091469681398,272.232304900181,657.091469681398,272.232304900181
"1469",657.348406988695,263.157894736842,657.348406988695,263.157894736842
"1468",657.605344295992,263.157894736842,657.605344295992,263.157894736842
"1467",657.862281603289,254.083484573503,657.862281603289,254.083484573503
"1466",658.119218910586,254.083484573503,658.119218910586,254.083484573503
"1465",658.376156217883,254.083484573503,658.376156217883,254.083484573503
"1464",658.63309352518,254.083484573503,658.63309352518,254.083484573503
"1463",658.890030832477,245.009074410163,658.890030832477,245.009074410163
"1462",659.146968139774,245.009074410163,659.146968139774,245.009074410163
"1461",659.403905447071,245.009074410163,659.403905447071,245.009074410163
"1460",659.660842754368,245.009074410163,659.660842754368,245.009074410163
"1459",659.917780061665,245.009074410163,659.917780061665,245.009074410163
"1458",660.174717368962,245.009074410163,660.174717368962,245.009074410163
"1457",660.431654676259,245.009074410163,660.431654676259,245.009074410163
"1456",660.688591983556,245.009074410163,660.688591983556,245.009074410163
"1455",660.945529290853,245.009074410163,660.945529290853,245.009074410163
"1454",661.20246659815,245.009074410163,661.20246659815,245.009074410163
"1453",661.459403905447,245.009074410163,661.459403905447,245.009074410163
"1452",661.716341212744,245.009074410163,661.716341212744,245.009074410163
"1451",661.973278520041,245.009074410163,661.973278520041,245.009074410163
"1450",662.230215827338,245.009074410163,662.230215827338,245.009074410163
"1449",662.487153134635,245.009074410163,662.487153134635,245.009074410163
"1448",662.744090441932,245.009074410163,662.744090441932,245.009074410163
"1447",663.001027749229,245.009074410163,663.001027749229,245.009074410163
"1446",663.257965056526,245.009074410163,663.257965056526,245.009074410163
"1445",663.514902363823,245.009074410163,663.514902363823,245.009074410163
"1444",663.77183967112,245.009074410163,663.77183967112,245.009074410163
"1443",664.028776978417,245.009074410163,664.028776978417,245.009074410163
"1442",664.285714285714,245.009074410163,664.285714285714,245.009074410163
"1441",664.542651593011,245.009074410163,664.542651593011,245.009074410163
"1440",664.799588900308,245.009074410163,664.799588900308,245.009074410163
"1439",665.056526207605,245.009074410163,665.056526207605,245.009074410163
"1438",665.313463514902,245.009074410163,665.313463514902,245.009074410163
"1437",665.570400822199,235.934664246824,665.570400822199,235.934664246824
"1436",665.827338129496,235.934664246824,665.827338129496,235.934664246824
"1435",666.084275436793,235.934664246824,666.084275436793,235.934664246824
"1434",666.34121274409,235.934664246824,666.34121274409,235.934664246824
"1433",666.598150051387,226.860254083485,666.598150051387,226.860254083485
"1432",666.855087358685,226.860254083485,666.855087358685,226.860254083485
"1431",667.112024665981,226.860254083485,667.112024665981,226.860254083485
"1430",667.368961973278,226.860254083485,667.368961973278,226.860254083485
"1429",667.625899280576,226.860254083485,667.625899280576,226.860254083485
"1428",667.882836587873,226.860254083485,667.882836587873,226.860254083485
"1427",668.13977389517,217.785843920145,668.13977389517,217.785843920145
"1426",668.396711202467,217.785843920145,668.396711202467,217.785843920145
"1425",668.653648509764,217.785843920145,668.653648509764,217.785843920145
"1424",668.910585817061,217.785843920145,668.910585817061,217.785843920145
"1423",669.167523124358,217.785843920145,669.167523124358,217.785843920145
"1422",669.424460431655,217.785843920145,669.424460431655,217.785843920145
"1421",669.681397738952,217.785843920145,669.681397738952,217.785843920145
"1420",669.938335046249,208.711433756806,669.938335046249,208.711433756806
"1419",670.195272353546,208.711433756806,670.195272353546,208.711433756806
"1418",670.452209660843,208.711433756806,670.452209660843,208.711433756806
"1417",670.70914696814,199.637023593466,670.70914696814,199.637023593466
"1416",670.966084275437,199.637023593466,670.966084275437,199.637023593466
"1415",671.223021582734,199.637023593466,671.223021582734,199.637023593466
"1414",671.479958890031,199.637023593466,671.479958890031,199.637023593466
"1413",671.736896197328,190.562613430127,671.736896197328,190.562613430127
"1412",671.993833504625,190.562613430127,671.993833504625,190.562613430127
"1411",672.250770811922,190.562613430127,672.250770811922,190.562613430127
"1410",672.507708119219,190.562613430127,672.507708119219,190.562613430127
"1409",672.764645426516,190.562613430127,672.764645426516,190.562613430127
"1408",673.021582733813,190.562613430127,673.021582733813,190.562613430127
"1407",673.27852004111,181.488203266788,673.27852004111,181.488203266788
"1406",673.535457348407,181.488203266788,673.535457348407,181.488203266788
"1405",673.792394655704,172.413793103448,673.792394655704,172.413793103448
"1404",674.049331963001,172.413793103448,674.049331963001,172.413793103448
"1403",674.306269270298,163.339382940109,674.306269270298,163.339382940109
"1402",674.563206577595,163.339382940109,674.563206577595,163.339382940109
"1401",674.820143884892,163.339382940109,674.820143884892,163.339382940109
"1400",675.077081192189,154.26497277677,675.077081192189,154.26497277677
"1399",675.334018499486,154.26497277677,675.334018499486,154.26497277677
"1398",675.590955806783,145.19056261343,675.590955806783,145.19056261343
"1397",675.84789311408,136.116152450091,675.84789311408,136.116152450091
"1396",676.104830421377,136.116152450091,676.104830421377,136.116152450091
"1395",676.361767728674,127.041742286751,676.361767728674,127.041742286751
"1394",676.618705035971,127.041742286751,676.618705035971,127.041742286751
"1370",682.7852004111,127.041742286751,682.7852004111,127.041742286751
"1369",683.042137718397,127.041742286751,683.042137718397,127.041742286751
"1368",683.299075025694,127.041742286751,683.299075025694,127.041742286751
"1367",683.556012332991,136.116152450091,683.556012332991,136.116152450091
"1366",683.812949640288,136.116152450091,683.812949640288,136.116152450091
"1365",684.069886947585,136.116152450091,684.069886947585,136.116152450091
"1364",684.326824254882,136.116152450091,684.326824254882,136.116152450091
"1363",684.583761562179,145.19056261343,684.583761562179,145.19056261343
"1362",684.840698869476,145.19056261343,684.840698869476,145.19056261343
"1361",685.097636176773,154.26497277677,685.097636176773,154.26497277677
"1360",685.35457348407,154.26497277677,685.35457348407,154.26497277677
"1359",685.611510791367,154.26497277677,685.611510791367,154.26497277677
"1358",685.868448098664,154.26497277677,685.868448098664,154.26497277677
"1357",686.125385405961,154.26497277677,686.125385405961,154.26497277677
"1356",686.382322713258,154.26497277677,686.382322713258,154.26497277677
"1355",686.639260020555,145.19056261343,686.639260020555,145.19056261343
"1354",686.896197327852,145.19056261343,686.896197327852,145.19056261343
"1353",687.153134635149,145.19056261343,687.153134635149,145.19056261343
"1352",687.410071942446,136.116152450091,687.410071942446,136.116152450091
"1351",687.667009249743,136.116152450091,687.667009249743,136.116152450091
"1350",687.92394655704,136.116152450091,687.92394655704,136.116152450091
"1349",688.180883864337,136.116152450091,688.180883864337,136.116152450091
"1348",688.437821171634,136.116152450091,688.437821171634,136.116152450091
"1347",688.694758478931,127.041742286751,688.694758478931,127.041742286751
"1346",688.951695786228,127.041742286751,688.951695786228,127.041742286751
