"V1","V2","V3","V4","V5","V6","V7","V8","V9","V10","V11","V12","V13","V14","V15","V16","V17","V18"
99,67,270,442,-91,-3,598,41,158,331,276,113,225,408,240,-329,812,402
151,95,137,517,-208,28,674,11,177,351,279,92,-119,551,305,-231,855,451
445,254,-295,639,252,128,283,259,378,332,223,110,171,630,270,-148,885,449
271,42,-39,485,353,40,184,351,304,292,100,62,554,453,140,-218,781,339
33,-150,187,370,-131,-49,619,80,74,298,81,-12,312,369,139,-301,702,290
321,123,-190,556,-298,154,785,-73,298,305,148,59,37,510,244,-223,746,341
510,385,-237,626,-149,346,657,112,570,321,207,187,163,584,302,-82,792,386
232,332,65,433,-139,188,596,353,282,339,245,196,261,491,304,-57,758,406
164,294,-137,415,-81,65,377,431,40,288,222,185,178,430,283,-100,688,417
417,285,-353,528,77,186,233,362,194,246,194,242,163,486,274,-63,670,425
396,181,0,433,95,123,547,292,236,284,223,267,226,552,301,-22,710,419
268,209,156,374,-4,0,656,375,260,282,172,293,227,543,299,-43,699,379
456,319,-107,492,-98,220,238,555,442,237,59,422,188,466,258,1,617,354
536,222,-87,495,-118,324,80,602,316,263,71,514,154,404,254,75,580,376
319,150,17,463,-41,49,404,434,79,290,126,455,63,418,291,73,591,384
392,355,-213,505,19,-44,585,303,292,244,90,411,-8,444,319,109,566,370
656,372,-256,375,12,143,322,451,514,165,13,456,89,395,294,151,491,341
478,16,46,247,-49,263,101,572,300,81,-52,458,223,335,241,86,414,274
188,-13,58,391,-266,291,491,360,162,69,-46,440,201,340,236,97,386,245
412,375,-258,448,-463,249,840,257,381,106,14,475,124,325,235,199,365,287
698,419,-321,253,-280,160,395,472,510,48,7,483,96,271,199,180,281,296
457,254,-80,205,-20,135,138,504,370,3,-20,482,46,305,241,163,241,279
191,477,-15,347,-80,109,487,432,333,108,4,554,56,356,293,244,302,291
433,672,-217,361,-47,92,383,561,536,160,-33,587,250,280,215,243,293,249
688,507,-327,253,165,149,201,441,641,81,-107,506,323,237,177,219,208,167
554,424,-230,201,24,136,523,177,495,72,-73,453,31,322,239,266,207,166
457,467,-113,185,-179,157,234,415,387,133,-9,485,-110,298,204,235,219,201
585,473,-132,140,16,380,-418,678,519,87,-30,489,196,175,124,159,141,189
631,583,-233,65,155,432,-119,428,705,-33,-69,443,325,220,167,184,96,177
580,636,-178,-17,52,183,322,269,703,-60,-48,426,81,306,223,216,150,200
571,536,-120,-6,46,145,38,380,563,15,-27,430,16,216,201,175,178,198
568,549,-366,77,78,370,-185,322,473,42,-96,409,139,149,176,120,117,133
595,518,-465,-6,147,445,-237,263,467,-19,-179,373,201,186,154,76,41,65
633,317,-166,-188,330,414,-454,319,498,-70,-167,333,276,154,134,43,-1,81
562,442,-111,-154,277,424,-367,248,589,-73,-136,358,204,159,173,46,-4,158
515,894,-309,-20,21,361,-65,320,699,-28,-111,520,-3,281,234,126,52,199
631,1052,-220,-33,42,370,-30,573,715,64,-9,658,111,305,261,277,125,228
649,932,-54,-84,248,533,76,448,619,103,86,632,387,276,297,345,116,311
494,895,-141,-64,257,472,260,159,548,22,46,566,293,317,299,240,1,343
533,809,-362,-54,132,229,-73,256,623,-90,-80,472,56,216,169,102,-164,218
646,588,-455,-136,105,233,-562,374,671,-167,-163,302,98,9,33,10,-302,81
363,502,-245,-236,156,277,-466,242,450,-214,-134,283,254,-23,34,-54,-345,67
60,560,-93,-159,148,94,-108,173,259,-252,-65,426,248,10,85,-37,-351,110
306,522,-264,-24,141,71,-207,189,494,-290,-84,420,160,-59,95,-2,-431,131
551,418,-297,-96,253,220,-609,186,731,-305,-150,301,173,-91,59,-90,-531,103
240,376,-188,-186,329,63,-535,113,453,-304,-174,268,200,-45,9,-192,-548,17
-12,255,-216,-205,262,-197,-236,-24,150,-346,-201,218,92,-68,2,-222,-559,-58
219,39,-67,-379,226,-152,-569,42,389,-431,-254,107,52,-181,-28,-294,-664,-86
273,35,24,-441,197,-149,-649,55,640,-505,-300,57,179,-260,-112,-352,-798,-118
-139,122,-322,-205,-27,-422,273,-394,315,-533,-368,42,110,-250,-101,-328,-863,-165
-310,-77,-453,-163,-210,-485,347,-532,-41,-531,-430,-1,-112,-294,-75,-397,-875,-226
-62,-191,-294,-352,42,-171,-952,-13,170,-582,-429,-60,33,-433,-190,-506,-905,-292
-80,35,-403,-352,388,-38,-1360,143,401,-686,-420,-95,298,-460,-255,-448,-979,-300
-372,-21,-353,-368,220,-306,-642,-190,99,-715,-429,-69,44,-390,-203,-370,-1059,-269
-354,-346,-73,-593,-138,-447,-513,-331,-174,-698,-437,-57,-307,-468,-237,-417,-1125,-316
-170,-345,-236,-647,-43,-240,-893,-358,10,-775,-490,-144,-163,-619,-309,-442,-1193,-430
-222,-333,-473,-484,184,-174,-919,-410,103,-865,-543,-209,-11,-639,-296,-373,-1232,-483
-338,-542,-368,-409,66,-339,-758,-390,-120,-847,-533,-158,-203,-631,-287,-298,-1228,-464
-350,-531,-340,-426,-24,-265,-881,-371,-165,-808,-567,-108,-258,-687,-313,-284,-1243,-500
-393,-428,-250,-475,162,-104,-1083,-326,-43,-811,-585,-107,-99,-683,-306,-263,-1262,-564
-471,-422,44,-556,237,-275,-745,-349,-152,-773,-414,-66,-119,-628,-243,-141,-1215,-516
-460,-308,-10,-512,121,-375,-358,-490,-275,-697,-313,-5,-216,-643,-174,-68,-1157,-460
-382,-371,-274,-317,101,-91,-735,-473,-142,-678,-491,-33,-139,-694,-192,-172,-1166,-550
-428,-588,-283,-162,80,53,-856,-495,-76,-724,-577,-84,-63,-715,-242,-197,-1192,-639
-543,-409,-308,-184,-117,-102,-239,-748,-179,-766,-439,-59,-145,-747,-215,-99,-1171,-642
-416,-272,-335,-363,-147,-130,-390,-679,-111,-799,-402,-73,-192,-783,-214,-157,-1141,-700
-284,-644,-90,-434,172,-79,-1071,-367,3,-826,-451,-179,-90,-762,-254,-237,-1160,-783
-557,-771,-64,-194,345,-203,-839,-446,-162,-787,-438,-199,-56,-727,-226,-134,-1177,-818
-738,-472,-431,4,196,-280,-585,-576,-283,-732,-490,-132,-161,-730,-240,-110,-1122,-911
-468,-531,-437,-131,170,-154,-1032,-428,-100,-769,-555,-144,-144,-743,-347,-208,-1063,-1025
-400,-837,-55,-223,202,-62,-917,-487,-52,-797,-478,-189,-33,-735,-334,-162,-1042,-1027
-637,-734,-183,2,-7,-88,-272,-707,-216,-725,-426,-184,-84,-697,-227,-65,-985,-1010
-575,-489,-665,186,-109,-122,-202,-673,-113,-694,-528,-206,-107,-673,-250,-77,-935,-1097
-421,-632,-466,25,25,-185,-412,-567,113,-726,-619,-262,33,-735,-363,-74,-962,-1211
-600,-828,2,-168,22,-267,-513,-490,12,-724,-607,-275,-39,-769,-415,-23,-980,-1245
-716,-656,-290,-73,-8,-281,-686,-346,-145,-740,-578,-271,-254,-654,-395,-17,-946,-1202
-529,-538,-534,-64,94,-241,-627,-364,-39,-753,-568,-305,-125,-610,-360,-42,-931,-1135
-436,-769,-26,-286,47,-163,-354,-544,35,-693,-542,-318,68,-734,-352,3,-948,-1076
-584,-879,24,-136,-43,-88,-283,-576,-72,-723,-524,-254,-70,-734,-354,167,-974,-1045
-691,-743,-436,166,42,-74,-388,-420,-127,-837,-540,-200,-153,-622,-340,275,-988,-1059
-625,-689,-213,-93,-12,-30,-676,-219,-73,-800,-538,-208,-85,-688,-369,203,-983,-1086
-519,-705,55,-352,-232,-38,-669,-295,-57,-730,-533,-201,-203,-790,-415,173,-1015,-1089
-478,-776,-310,-152,-222,-266,198,-752,-117,-823,-574,-201,-196,-749,-367,269,-1069,-1085
-491,-910,-415,-157,-74,-337,554,-860,-202,-895,-605,-271,73,-733,-342,286,-1055,-1102
-562,-788,-275,-386,-49,-44,-492,-376,-203,-852,-632,-323,9,-765,-478,271,-1036,-1153
-622,-498,-385,-447,-66,23,-1097,-187,-80,-844,-706,-322,-296,-773,-583,326,-1079,-1203
-556,-481,-282,-561,-48,-255,-558,-416,-17,-854,-704,-306,-263,-819,-527,331,-1082,-1203
-531,-614,-106,-638,11,-337,-327,-416,-204,-823,-613,-248,-101,-787,-515,334,-1028,-1184
-659,-626,-250,-513,53,-203,-540,-334,-399,-803,-627,-220,-146,-673,-591,387,-1005,-1209
-591,-557,-332,-527,-144,-119,-565,-381,-227,-784,-708,-286,-254,-744,-564,352,-994,-1224
-353,-425,-390,-633,-371,-97,-509,-353,-32,-772,-697,-299,-293,-890,-483,336,-986,-1172
-472,-425,-454,-641,-127,-177,-250,-466,-343,-788,-661,-199,-151,-849,-472,452,-1024,-1105
-692,-667,-113,-710,178,-270,116,-751,-643,-753,-642,-145,-31,-768,-416,489,-1018,-1053
-463,-718,86,-721,-118,-189,50,-721,-366,-689,-569,-191,-390,-741,-308,460,-935,-993
-287,-496,-312,-550,-400,-94,-252,-469,-216,-701,-513,-215,-710,-728,-304,527,-910,-953
-568,-486,-496,-463,0,-131,-425,-382,-595,-734,-528,-156,-281,-840,-362,545,-940,-947
-677,-612,-251,-556,328,-155,-632,-330,-700,-718,-541,-137,72,-952,-376,466,-928,-945
-447,-565,-294,-625,-5,-143,-750,-256,-428,-699,-565,-239,-376,-851,-380,453,-904,-973
-408,-626,-487,-578,-325,-167,-534,-356,-501,-688,-599,-311,-731,-742,-382,471,-874,-1011
-522,-801,-235,-627,-146,-160,-367,-491,-689,-665,-533,-297,-438,-787,-386,447,-813,-966
-513,-572,38,-816,122,-149,-549,-394,-503,-603,-434,-322,-194,-801,-413,438,-783,-864
-499,-96,-205,-761,43,-253,-483,-271,-373,-472,-422,-294,-336,-729,-352,453,-761,-773
-515,-89,-215,-582,-274,-321,141,-407,-538,-363,-365,-135,-487,-661,-198,487,-673,-642
-488,-461,375,-686,-327,-192,334,-474,-582,-366,-240,-71,-398,-629,-167,534,-613,-521
-530,-514,381,-606,25,-76,-399,-162,-456,-392,-250,-169,-219,-648,-269,524,-627,-528
-632,-277,-281,-210,191,-81,-792,-66,-460,-368,-319,-254,-295,-621,-285,453,-594,-539
-721,-257,-303,-271,-108,-69,-160,-562,-671,-325,-242,-312,-551,-500,-217,368,-505,-464
-812,-346,78,-573,-208,-127,286,-801,-894,-257,-140,-360,-441,-489,-229,310,-438,-458
-689,-273,30,-449,169,-241,-157,-344,-736,-191,-126,-328,-53,-582,-270,332,-357,-502
-384,-227,-25,-292,298,-107,-614,-22,-320,-202,-109,-297,-110,-453,-247,364,-254,-457
-494,-303,97,-343,-26,86,-471,-222,-420,-211,-74,-338,-506,-189,-230,293,-173,-441
-824,-356,127,-285,-107,-47,-141,-372,-835,-114,-34,-354,-450,-192,-232,207,-74,-499
-501,-301,131,-204,158,-181,-105,-227,-562,-18,25,-321,-72,-270,-202,190,53,-486
-87,-56,34,-193,255,0,-245,-130,-57,-4,70,-311,-48,-60,-183,171,151,-425
-540,132,61,-158,126,110,-48,-281,-354,25,130,-306,-184,71,-142,162,210,-362
-899,-136,455,-158,-35,26,315,-378,-736,83,203,-289,-94,-135,-41,198,224,-251
-354,-449,497,-83,-92,103,59,-133,-347,82,194,-320,-31,-195,-33,196,196,-205
-80,-180,75,59,129,243,-441,80,-22,61,189,-355,-47,7,-119,171,210,-236
-580,251,90,-30,314,115,-246,-66,-353,108,278,-303,-24,31,-88,198,266,-164
-695,196,433,-227,98,-86,152,-186,-551,191,310,-242,-190,-75,13,230,264,-56
-175,-43,438,-217,-23,-140,146,-103,-244,220,264,-238,-287,-77,5,236,230,-57
21,10,282,-160,210,-177,208,-121,-115,183,284,-199,12,-102,-41,251,255,-56
-277,141,275,-187,213,-170,253,-142,-413,172,326,-134,49,-112,-26,243,299,-21
-378,85,293,-121,17,-57,-98,48,-492,225,295,-150,-253,-10,-38,213,321,-69
-101,69,188,1,129,-57,-208,195,-133,254,227,-190,-24,-3,-117,204,346,-145
13,149,159,-63,162,-153,244,89,23,223,193,-181,308,-42,-123,201,369,-147
-183,101,443,-276,-151,-78,562,-83,-183,206,243,-181,-11,83,-24,201,376,-108
-186,42,643,-340,-174,69,371,-53,-176,223,304,-193,-98,139,-21,192,380,-92
32,127,394,-219,90,49,7,157,20,251,249,-186,342,-3,-147,114,368,-125
2,192,171,-129,17,-108,-47,226,-34,279,181,-190,265,-22,-181,27,343,-147
-101,182,210,-76,-127,-243,157,126,-79,250,225,-181,-71,99,-130,16,343,-98
52,170,181,25,63,-189,71,196,119,174,261,-124,142,131,-139,6,357,-19
105,184,162,82,153,-41,-36,310,148,193,244,-53,296,207,-107,-11,395,59
-57,291,291,94,39,-46,321,202,14,304,303,-2,125,380,-12,24,499,124
-56,353,300,150,112,-33,403,181,85,338,367,-44,305,385,-32,5,590,104
0,203,240,152,175,128,115,257,144,303,328,-178,514,329,-85,-81,599,57
-47,81,324,72,35,108,343,99,40,328,292,-230,260,458,-36,-96,623,82
73,153,339,57,55,28,398,100,114,395,297,-182,211,536,-50,-115,699,49
227,220,234,99,162,204,-59,340,281,419,292,-210,490,463,-98,-208,761,-62
141,196,292,80,3,159,407,128,268,395,334,-287,398,534,9,-242,830,-68
136,145,409,12,-78,-219,1120,-159,307,361,360,-325,231,654,41,-265,885,-62
297,88,303,17,175,-193,378,193,434,373,265,-367,466,594,-133,-372,860,-178
252,100,94,158,261,85,-402,514,364,409,194,-363,502,552,-183,-411,826,-223
133,174,18,253,44,-40,20,349,294,374,212,-301,227,591,-91,-355,826,-150
251,166,111,152,69,-131,354,191,433,326,215,-293,316,555,-74,-314,803,-111
332,87,204,76,302,136,270,98,441,353,220,-313,532,543,-8,-259,770,-54
159,77,144,73,191,136,366,59,241,338,210,-335,373,533,75,-228,729,-6
82,60,200,-104,-92,-141,348,229,219,276,136,-394,263,384,-12,-290,662,-80
288,-98,457,-201,0,-157,258,243,353,330,131,-369,418,322,-70,-327,635,-124
408,-208,313,61,292,-46,191,99,275,396,169,-267,440,408,-29,-282,626,-81
278,-87,-157,172,293,-23,-208,200,76,303,91,-265,241,370,-100,-248,563,-131
229,17,-115,-43,43,11,-294,208,93,221,39,-266,22,302,-116,-237,543,-174
335,-52,194,-38,-75,-50,434,-72,200,289,114,-165,28,355,39,-186,590,-70
309,-48,23,112,47,-135,661,-76,112,333,113,-163,299,297,26,-126,563,-36
149,83,-239,9,144,-42,-186,220,-3,262,25,-282,304,170,-167,-170,475,-141
127,46,-73,-99,80,-92,-502,245,57,225,31,-312,-80,242,-174,-256,466,-140
305,-198,166,-80,98,-362,218,6,77,297,103,-285,-121,334,-44,-207,509,-23
445,-334,71,-110,232,-338,314,4,-88,361,123,-324,191,236,-49,-164,481,0
380,-270,-172,-58,125,-65,-397,215,-191,328,96,-354,91,152,-106,-258,402,-23
301,-219,-87,-6,-157,-43,-208,54,-98,309,106,-328,-266,180,-26,-242,397,70
323,-176,197,-159,-131,-200,655,-372,-50,379,183,-328,-176,181,84,-138,446,188
230,-59,104,-218,126,-221,434,-235,-176,405,209,-380,142,153,35,-227,401,191
107,-13,-149,-142,67,-151,-465,270,-189,327,119,-455,-6,152,-87,-337,287,152
241,-10,-111,-254,-247,-148,-422,167,-24,303,86,-500,-465,158,-58,-285,255,165
378,21,-100,-321,-207,-211,315,-321,-113,386,181,-475,-430,182,92,-268,283,219
270,-135,-234,-176,144,-287,519,-353,-408,418,192,-479,33,191,112,-314,253,242
285,-250,-301,-136,86,-334,120,-54,-303,351,84,-534,0,137,-18,-300,174,224
510,100,-285,-208,-304,-235,-156,147,31,365,122,-402,-423,133,-43,-215,153,281
450,419,76,-294,-237,0,7,236,-64,529,308,-120,-270,233,99,-55,228,440
185,281,468,-400,118,87,251,165,-287,602,315,-96,145,270,179,28,294,484
270,183,56,-319,18,-21,131,18,-102,467,127,-302,-73,233,91,-104,267,344
499,215,-490,-131,-264,-30,-113,5,38,373,33,-351,-406,237,-13,-220,232,228
371,27,-293,-110,-176,49,40,-42,-170,400,50,-286,-149,215,-18,-176,256,208
237,-104,-113,-153,11,-5,402,-254,-206,347,33,-308,136,178,9,-170,277,168
451,-16,-319,-175,-29,-76,385,-296,16,258,-18,-317,12,250,-49,-230,251,90
565,0,-421,-181,-170,6,-37,-35,89,260,-92,-294,-114,278,-162,-239,210,12
427,76,-457,-159,-178,16,-234,125,112,224,-142,-309,-50,186,-162,-244,203,-36
418,183,-319,-328,7,-289,340,-168,197,129,-93,-279,4,188,-44,-257,209,-46
441,-186,4,-519,62,-598,988,-569,89,73,-134,-287,-18,172,-19,-250,111,-112
302,-651,-120,-318,-182,-423,437,-374,-14,-18,-335,-419,-60,-41,-158,-282,-51,-262
314,-441,-515,-81,-312,6,-628,174,148,-113,-366,-393,-35,-147,-254,-321,-97,-303
458,-30,-554,-136,-254,92,-580,200,184,-77,-203,-165,2,-49,-201,-292,-77,-184
341,-43,-485,-137,-325,-176,59,-131,-7,-47,-180,-89,-66,-73,-159,-274,-133,-113
198,-99,-489,-67,-351,-414,131,-160,60,-108,-259,-151,-102,-168,-211,-314,-183,-114
363,-6,-396,-118,-263,-433,59,-66,284,-84,-231,-126,-47,-112,-217,-326,-168,-26
402,-24,-341,-120,-376,-256,83,-64,153,24,-170,-90,-175,-45,-118,-274,-172,108
200,-18,-372,-73,-444,-105,-107,1,-119,79,-150,-73,-363,-55,-32,-204,-197,188
376,99,-408,-108,-158,-164,-134,50,-19,117,-122,-16,-163,-54,-18,-170,-210,265
744,109,-422,-123,-3,-226,35,76,205,186,-80,-5,107,-47,-27,-150,-216,363
560,51,-225,-137,-270,-121,40,128,57,240,-35,-13,-131,-4,6,-92,-174,437
267,44,147,-287,-426,-56,245,-35,-152,291,17,15,-418,113,96,-64,-90,495
542,87,251,-373,-114,-118,616,-232,61,389,56,0,-138,211,167,-89,-17,528
797,238,-119,-157,185,-120,379,-17,275,472,37,-27,100,251,137,-62,43,487
567,337,-526,67,19,-84,-211,290,66,439,-40,-19,-230,245,63,-64,64,405
446,185,-372,-46,-182,-138,-185,204,-73,375,-56,-31,-358,171,59,-174,35,371
618,110,20,-185,-43,-107,216,22,130,415,30,-11,81,113,101,-209,46,389
535,353,-123,-30,-16,130,-31,157,194,454,53,33,199,133,85,-177,95,374
210,462,-422,94,-195,167,-507,234,36,348,-25,-13,-201,97,38,-235,68,309
165,238,-239,9,-97,-295,148,-206,105,234,-69,-97,-282,24,58,-251,-21,277
376,110,-78,-24,167,-689,1039,-514,327,257,-75,-125,20,101,70,-190,-65,287
369,117,-206,3,212,-425,186,-3,223,292,-113,-118,28,185,-17,-225,-86,248
109,43,-176,-68,35,25,-955,378,-61,223,-146,-107,-222,64,-66,-291,-162,168
31,109,-68,-144,-181,-6,-130,-153,27,148,-128,-119,-221,-18,36,-268,-244,148
210,202,-54,-103,-122,-253,739,-454,294,113,-74,-78,-100,76,140,-208,-269,185
188,-42,-11,16,55,-207,-154,44,141,46,-72,35,-210,31,87,-170,-306,173
-130,-149,-113,112,-252,81,-738,231,-157,-11,-144,33,-253,-168,-52,-203,-383,108
-229,191,-259,108,-621,335,-201,-55,-55,9,-114,-28,-54,-173,-82,-232,-390,104
-28,331,-79,81,-306,323,-143,-14,119,51,42,91,-44,-18,42,-119,-320,175
-74,150,175,131,85,88,-331,130,-44,74,113,240,-203,29,154,-8,-304,236
-387,138,239,194,-57,-19,25,-37,-243,83,99,245,-207,-17,166,-29,-363,276
-419,207,239,244,-252,19,230,-171,-178,63,122,263,-258,-44,165,-35,-385,313
-170,167,184,308,-164,25,20,-71,-26,63,148,305,-333,-33,169,6,-340,323
-158,228,211,282,-9,165,-227,86,-50,94,208,312,-168,-2,150,35,-299,355
-449,360,411,209,-12,335,-157,35,-257,85,314,389,-144,37,202,106,-272,450
-548,269,465,280,-138,235,320,-228,-349,59,305,450,-389,80,317,180,-244,513
-274,66,344,393,-74,185,266,-152,-176,70,238,396,-325,60,312,177,-257,501
-139,143,288,399,83,299,-257,185,-117,106,294,408,-53,-35,218,182,-286,493
-391,335,339,367,-30,176,193,-2,-369,152,351,516,-117,-41,239,256,-262,510
-519,190,570,248,-180,154,631,-254,-485,140,313,522,-305,55,298,303,-243,508
-327,25,710,102,-158,538,-249,110,-304,50,310,453,-298,38,240,260,-295,487
-249,207,368,192,-129,574,-460,142,-288,16,327,462,-283,-28,220,217,-328,465
-382,285,68,334,8,122,607,-426,-528,51,260,522,-304,38,314,263,-309,455
-449,121,256,269,65,0,768,-402,-590,35,206,547,-259,68,310,311,-314,462
-379,143,356,247,-236,259,55,84,-400,-3,221,550,-239,-52,204,251,-338,459
-262,212,211,305,-260,439,-171,41,-299,-10,221,556,-212,-96,199,158,-327,435
-229,74,335,192,127,469,-99,-229,-380,-12,211,554,-162,4,278,147,-294,420
-289,32,520,112,81,355,62,-211,-399,3,228,543,-293,68,317,194,-248,414
-247,198,265,286,-214,247,209,-133,-282,24,210,551,-431,30,303,206,-202,392
-147,246,-39,433,-66,322,-67,-54,-273,26,162,577,-260,-17,243,169,-211,379
-185,70,106,370,66,335,-258,50,-408,43,149,578,-116,-6,177,138,-240,397
-223,-17,274,270,-137,220,29,-59,-421,54,141,530,-253,-1,170,138,-203,411
-158,129,48,240,-119,228,57,-209,-351,33,117,460,-305,-58,188,133,-160,422
-125,204,-112,258,136,273,-275,-61,-429,63,151,440,-200,-37,188,121,-175,465
-87,170,48,335,114,267,-98,31,-474,156,240,544,-213,105,240,183,-145,542
-45,367,239,401,-110,357,473,-110,-304,219,321,727,-269,193,349,335,-18,644
-109,590,388,384,-111,438,430,43,-176,240,382,807,-196,205,372,418,80,702
-110,456,341,433,81,410,-66,340,-214,235,371,729,-52,198,270,349,70,638
-54,257,64,528,119,379,-60,113,-269,174,271,620,4,100,186,260,4,553
-238,230,146,374,-14,314,177,-191,-347,110,225,524,-137,9,200,214,-46,559
-404,179,428,170,-74,318,-93,15,-417,117,255,419,-295,68,208,183,-45,553
-198,148,143,293,5,518,-497,209,-352,151,204,383,-206,113,143,185,-36,476
-60,242,-222,425,127,541,-452,37,-314,152,127,420,-94,64,112,170,-61,445
-221,274,-42,336,121,239,-49,-135,-393,139,168,432,-222,51,189,157,-59,451
-207,203,84,323,3,86,281,-165,-350,125,204,424,-281,49,212,224,-27,383
-36,192,-89,353,70,140,126,-113,-232,120,129,402,-103,28,87,211,-52,294
-141,244,-128,302,221,129,-269,-37,-290,147,57,363,-78,64,2,56,-91,278
-310,247,-95,372,69,192,-314,-65,-360,168,20,384,-231,80,36,-2,-64,274
-197,188,-148,454,-93,283,-161,-114,-259,138,-5,423,-138,27,19,5,-29,210
-77,109,-85,351,64,149,-192,-55,-221,127,24,367,53,52,-63,-76,-12,145
-192,2,75,293,155,57,-266,-24,-324,170,46,286,-29,126,-64,-111,26,145
-292,-46,25,382,8,174,-261,-74,-316,160,-10,236,-110,57,-17,-83,40,168
-230,16,-136,369,-131,208,-250,-70,-192,94,-40,158,28,-89,-50,-133,-3,146
-223,-9,92,162,-198,143,-258,-33,-190,101,4,106,43,-83,-102,-204,-27,100
-349,-68,427,71,-79,99,-169,-116,-241,157,40,124,-70,71,-29,-236,17,113
-356,142,121,335,149,44,85,-271,-121,169,53,141,8,139,99,-239,95,171
-165,321,-253,533,125,86,14,-199,34,199,56,145,103,77,62,-215,132,179
-92,140,60,317,23,131,-493,92,-53,252,57,169,-13,86,-85,-234,102,154
-239,-8,326,171,72,-35,-328,73,-236,212,83,190,-52,150,-68,-246,78,185
-265,-11,146,310,-44,-121,440,-259,-180,128,66,165,90,71,41,-188,67,217
-150,-35,67,317,-257,74,245,-200,-54,136,-7,124,84,-35,5,-192,13,165
-234,127,73,234,-246,164,-291,109,-170,192,18,159,-58,40,-26,-218,15,131
-354,204,213,230,-163,29,236,-14,-219,164,121,226,16,129,84,-141,105,167
-222,-112,591,144,-38,58,312,-102,46,66,93,194,199,51,88,-108,83,157
-162,-129,448,200,108,247,-574,211,109,45,27,173,129,25,-22,-140,6,116
-343,247,-96,499,10,174,-151,87,-189,140,103,251,-14,183,40,-87,103,154
-371,228,-67,554,-24,-16,738,-281,-221,190,151,222,120,228,127,-59,193,170
-208,15,159,349,204,141,-118,21,45,126,47,96,325,36,1,-114,95,79
-211,38,81,284,89,289,-589,209,38,63,-16,107,236,-70,-67,-98,32,40
-335,-9,95,317,-229,44,425,-201,-144,30,21,160,76,-3,13,-47,49,89
-299,25,58,308,-64,-12,315,-135,-52,-15,34,127,252,-30,-41,-76,-11,68
-184,235,-84,287,97,160,-375,191,144,-40,19,129,447,-118,-135,-120,-39,27
-270,55,45,277,-214,-54,125,2,40,-51,-2,122,176,-77,-90,-149,1,51
-444,-240,138,287,-274,-201,68,12,-174,-71,-53,41,-32,-72,-84,-205,-42,31
-308,-28,39,263,88,75,-389,149,-17,-49,-50,82,320,-174,-38,-183,-62,10
-6,231,26,241,145,-29,640,-306,264,0,19,208,420,-129,176,-17,27,112
-79,135,-62,299,-45,-377,1025,-381,106,-13,32,168,9,4,166,40,41,153
-301,-47,-102,292,0,-128,-358,284,-125,-82,-8,57,118,-46,-130,-144,-27,42
-109,-230,98,211,-19,172,-599,376,42,-117,-18,64,487,-146,-181,-229,-26,33
119,-263,142,193,-280,-26,308,0,116,-55,30,100,108,-58,16,-65,24,166
-66,30,40,159,-213,-84,82,122,-76,47,96,96,-193,36,64,0,86,213
-171,177,23,145,122,119,-375,270,-14,42,63,82,220,-35,51,-98,139,163
-6,-68,-24,203,29,86,21,80,99,-37,-3,45,279,-98,118,-80,114,150
-66,-108,-19,148,-234,-31,215,94,-106,-38,65,31,4,-78,91,26,77,155
-155,130,-16,73,-66,12,146,162,-133,-16,117,64,253,-92,47,47,119,127
113,15,-61,111,110,44,348,-8,98,-54,36,97,345,-55,160,43,170,131
217,-238,103,77,-13,65,211,71,-4,-45,54,153,-41,73,215,88,177,188
-10,-53,138,42,44,89,-90,331,-231,14,133,200,69,44,110,150,158,200
67,107,-105,99,197,-66,275,180,-45,13,51,149,394,-110,108,194,113,145
283,-20,-94,82,-13,-196,564,15,182,-33,-22,122,63,-85,197,194,86,124
44,127,-44,78,-173,-27,208,192,9,-55,46,204,-212,39,180,193,114,138
-162,257,-167,131,158,99,130,168,-218,-27,95,207,146,39,156,213,148,107
126,-94,-24,63,400,11,130,121,-110,-6,58,128,365,-60,157,200,136,35
266,-198,86,12,51,44,-342,451,98,-76,-14,159,107,-169,83,182,98,-29
4,59,-120,132,-311,97,-90,405,58,-144,-70,232,-96,-136,99,235,83,-49
-8,-23,-224,275,-98,-38,691,-3,-29,-121,-56,226,-10,31,225,303,83,-40
250,-158,-165,269,198,-32,344,198,106,-131,-19,239,193,-27,197,345,44,-85
206,-90,98,53,38,116,-189,536,152,-168,7,276,260,-274,113,402,8,-161
-32,-187,386,-97,-115,45,183,331,-81,-121,34,237,94,-237,162,425,46,-170
14,-134,-19,45,93,-88,226,218,-152,-112,-7,178,-35,-50,165,371,75,-166
324,194,-568,140,223,-57,-9,327,94,-173,-60,230,42,-88,129,400,52,-187
501,231,-224,43,140,51,241,412,252,-123,22,400,177,-155,209,614,99,-154
319,122,314,31,112,206,206,701,170,-13,109,520,299,-72,226,772,218,-128
114,205,253,60,18,209,297,693,99,21,68,443,302,42,150,722,271,-194
293,228,13,33,-166,-67,1096,179,211,32,23,302,62,114,165,699,248,-258
471,141,-95,22,-84,-191,927,197,301,4,-10,243,-44,23,126,743,206,-291
242,34,-110,-18,158,0,-132,661,108,-71,-73,185,213,-154,-18,646,159,-328
153,-63,-19,10,127,68,71,577,-23,-39,-26,170,321,-47,0,570,194,-287
477,9,119,101,4,-104,876,324,308,72,97,230,119,231,88,662,325,-205
511,169,202,-24,161,-210,550,468,550,72,85,150,105,225,-3,643,374,-261
148,290,42,-144,297,-63,-136,661,291,33,7,5,291,45,-118,541,302,-397
161,377,-225,26,134,240,-226,734,211,59,16,51,344,52,-116,601,285,-459
566,171,-164,101,29,335,-92,731,536,21,19,96,291,201,-125,635,344,-488
629,-144,42,-29,132,116,31,653,599,-65,-36,0,257,258,-156,574,352,-524
350,10,-16,-36,150,-1,206,590,440,-48,-72,-11,341,166,-155,592,316,-535
311,320,-151,-20,96,113,231,499,539,-14,-84,19,546,86,-191,500,311,-564
502,241,-185,-102,141,183,-47,476,637,-57,-79,-44,565,151,-261,298,323,-583
533,63,-144,-88,174,192,-219,579,521,-51,-62,-42,358,252,-219,335,313,-515
403,56,18,-71,112,200,174,452,519,-14,-104,6,315,263,-75,436,291,-443
308,102,99,-168,11,137,537,247,622,-48,-157,-74,436,211,-42,327,292,-452
288,144,2,-220,-74,98,227,425,573,-45,-132,-180,427,150,-143,241,330,-486
358,75,37,-231,-52,130,-88,617,530,26,-106,-210,351,178,-170,248,357,-505
444,-46,107,-222,106,165,30,488,656,-6,-132,-233,390,298,-111,213,327,-489
390,50,-95,-119,218,244,23,379,739,-114,-154,-244,447,312,-121,227,277,-446
288,191,-250,-122,79,244,-121,407,639,-112,-174,-246,314,231,-173,237,260,-458
302,67,-89,-291,-173,51,83,391,496,-41,-178,-289,114,266,-167,139,286,-506
338,-18,33,-322,-196,-6,463,273,492,-15,-140,-306,257,308,-123,92,333,-481
349,143,3,-240,-70,211,469,181,656,4,-120,-285,610,196,-122,107,349,-439
375,109,65,-225,-121,344,-31,381,768,20,-140,-323,576,127,-189,57,307,-456
275,-148,126,-188,-209,211,-329,585,616,-13,-144,-391,241,207,-207,15,259,-463
106,-137,62,-212,-94,-44,216,253,398,-16,-138,-423,143,273,-89,3,244,-427
221,-36,22,-313,48,-155,659,-75,464,38,-142,-467,246,263,-11,-23,218,-403
445,-190,-5,-236,65,54,14,238,652,20,-130,-528,288,203,-109,-10,169,-409
275,-248,15,-184,-5,216,-498,474,514,-37,-90,-528,249,122,-185,0,149,-399
-35,-205,266,-352,-102,23,47,181,191,4,-37,-486,152,114,-109,-9,139,-337
49,-357,404,-331,-72,-74,330,75,214,51,0,-502,135,152,-48,20,85,-265
227,-288,77,-127,18,98,-54,206,435,4,9,-561,212,133,-77,1,29,-245
69,3,-190,-96,-149,179,-22,72,316,-17,12,-526,64,128,-64,-48,13,-235
-83,-137,6,-65,-345,244,71,65,61,7,30,-379,-174,161,6,41,-12,-180
-11,-333,222,-16,-45,304,-236,324,79,10,71,-299,57,128,48,111,-58,-127
2,-91,143,-165,326,82,-74,209,131,14,91,-348,421,67,48,6,-76,-135
-42,-38,34,-254,0,-92,344,-106,89,-35,46,-402,113,67,26,-62,-92,-179
-66,-215,114,-188,-471,8,299,-127,142,-135,32,-396,-412,96,59,-33,-123,-164
-153,-102,222,-169,-190,61,206,-62,128,-109,110,-332,-220,102,150,-17,-127,-84
-68,-71,107,-77,187,146,33,42,17,-35,136,-225,178,54,128,49,-136,-59
159,-210,-97,43,-134,251,-216,176,75,-74,68,-174,-60,-9,14,131,-180,-97
43,-96,-71,-38,-372,125,-33,84,101,-72,29,-220,-291,-27,17,105,-203,-90
-220,-121,144,-136,27,154,-177,77,-75,4,4,-267,38,-52,43,51,-202,-85
-128,-365,327,-180,193,258,-522,137,-33,-4,-22,-287,122,-57,-16,19,-186,-140
125,-233,352,-305,-176,-113,228,-206,287,-44,11,-316,-211,7,-15,-49,-145,-174
202,-47,91,-313,-269,-291,619,-352,345,-64,-2,-344,-155,-34,-2,-101,-168,-184
56,-123,-267,-176,4,74,-388,46,22,-89,-99,-344,60,-175,-72,-75,-248,-213
-81,0,-284,-143,3,78,-614,156,-82,-30,-101,-294,-127,-142,-84,-20,-223,-208
122,73,-62,-120,-179,-168,-3,26,289,11,-43,-243,-171,-70,-75,-6,-153,-188
278,-188,13,-49,-146,-88,-68,83,462,-75,-63,-270,111,-181,-97,-52,-196,-180
-35,-99,1,-108,-115,-86,74,-55,144,-72,-37,-276,88,-210,24,-87,-243,-108
-129,291,11,-190,-216,-167,447,-189,96,25,59,-198,-121,-93,160,-72,-207,-38
194,191,-62,-161,-217,-62,-42,15,392,-24,25,-231,-140,-123,71,-114,-227,-94
176,-171,-122,-182,-193,-78,-515,74,321,-94,-116,-410,-177,-240,-46,-248,-309,-168
40,-195,-96,-288,-195,-160,-334,-60,93,-3,-145,-482,-106,-266,-40,-335,-327,-149
221,-60,-93,-362,-39,-159,-78,-158,130,68,-79,-414,182,-279,-34,-305,-326,-120
124,-50,9,-403,3,-251,34,-268,109,14,-74,-370,73,-254,-50,-249,-376,-129
-157,-55,170,-426,-223,-295,-165,-166,4,-47,-91,-336,-359,-176,-64,-249,-405,-120
44,31,-11,-402,-187,-276,-358,-34,3,-35,-45,-261,-320,-204,-83,-249,-394,-97
234,99,-354,-324,64,-290,-216,-232,-59,24,-54,-255,-97,-275,-104,-196,-418,-119
0,67,-349,-278,-100,-194,-275,-341,-121,46,-151,-334,-316,-254,-152,-189,-443,-163
-38,50,-127,-362,-332,-237,-135,-337,-64,44,-143,-315,-433,-244,-141,-224,-382,-140
206,160,52,-448,-12,-391,454,-470,17,130,-30,-147,-43,-240,-34,-101,-280,-63
257,319,169,-432,309,-148,196,-269,165,217,-14,-54,185,-150,-55,110,-249,-71
163,280,107,-499,118,47,-523,22,196,127,-93,-178,-62,-149,-220,96,-330,-195
60,-38,-49,-603,-91,-179,-446,-234,-71,-54,-154,-352,-227,-323,-304,-97,-466,-316
-83,-245,-148,-500,-39,-183,-422,-438,-188,-135,-230,-422,-118,-426,-341,-196,-556,-373
-105,-96,-256,-433,-36,-77,-691,-285,16,-121,-327,-460,-117,-373,-386,-213,-555,-393
-46,-56,-236,-585,-97,-298,-488,-312,80,-111,-364,-529,-213,-369,-348,-265,-534,-407
-132,-296,-73,-603,-56,-303,-475,-406,-44,-118,-353,-589,-121,-461,-328,-331,-541,-440
-226,-294,-130,-441,-33,-48,-699,-417,-57,-123,-322,-589,7,-452,-363,-390,-521,-458
-163,-64,-328,-366,-84,-75,-468,-480,7,-166,-245,-518,-25,-333,-327,-422,-471,-428
-135,-118,-356,-333,-58,-222,-407,-397,8,-243,-222,-486,-62,-311,-302,-410,-481,-413
-291,-334,-266,-281,60,-315,-463,-391,-51,-239,-318,-564,-10,-387,-304,-407,-515,-418
-458,-316,-106,-226,89,-363,9,-640,-75,-160,-305,-568,57,-386,-174,-401,-451,-340
-420,-135,-45,-121,-33,-159,93,-575,-53,-173,-90,-405,64,-330,-63,-345,-357,-227
-241,-65,-241,-113,-105,-7,-494,-262,-114,-277,40,-310,-86,-305,-131,-347,-364,-192
-163,-228,-248,-221,-82,-156,-672,-228,-216,-272,0,-374,-253,-263,-163,-460,-366,-161
-203,-378,58,-204,-188,-148,-273,-343,-229,-122,5,-382,-191,-214,-47,-499,-254,-60
-228,-209,120,-147,-277,-70,299,-496,-278,10,83,-281,-63,-178,65,-368,-144,27
-234,-2,56,-202,-65,-225,468,-522,-340,45,131,-220,-100,-98,95,-240,-102,71
-232,-22,225,-222,102,-130,-186,-126,-210,55,141,-238,-172,-37,67,-198,-56,116
-142,34,153,-197,-54,187,-618,144,-94,95,105,-257,-209,-47,48,-132,-15,143
-3,162,-183,-212,-156,119,-239,-39,-187,101,66,-217,-272,-33,63,-74,-19,118
21,74,-58,-265,-74,-126,11,-139,-239,59,101,-149,-279,4,65,-118,-13,88
-5,-13,288,-388,-32,-182,135,-184,-201,75,135,-128,-271,33,94,-120,17,111
168,18,168,-472,24,-147,271,-280,-192,134,81,-139,-365,92,135,6,12,153
361,-1,-62,-440,88,-42,-176,-35,-132,98,22,-132,-351,74,62,48,-35,146
190,46,-4,-453,16,45,-503,178,-133,19,22,-129,-139,-56,-21,-44,-105,147
-2,99,33,-440,-86,78,-170,-32,-214,9,13,-118,-97,-99,52,-67,-180,194
143,-38,-51,-279,-232,131,-24,-161,-91,-8,-43,-82,-355,-51,141,-22,-220,194
60,-58,-44,-194,-416,-5,-29,-31,-40,-46,-88,-62,-515,-69,119,-17,-227,151
-371,69,92,-222,-292,-185,118,49,-330,-20,-66,-16,-336,-77,93,9,-239,175
-272,-31,124,-140,-43,-10,52,-34,-357,-14,-17,69,-164,-27,118,37,-238,224
249,-192,-138,-7,-175,145,-65,-198,-48,-61,-36,57,-357,-20,116,-32,-211,220
202,-258,-125,-55,-319,20,-98,-169,-108,-30,-75,-22,-561,4,73,-84,-189,201
-168,-365,504,-278,-154,-53,139,-115,-339,27,11,-8,-351,88,110,-33,-144,198
-113,-239,659,-347,-188,-92,801,-372,-183,-16,121,37,-185,91,237,5,-88,195
42,43,-15,-63,-367,-99,697,-339,-8,-64,56,23,-407,47,249,2,-112,193
-6,-106,-245,163,-256,135,-336,197,-133,-52,-34,25,-466,66,127,11,-161,173
-7,-451,58,64,-234,363,-619,345,-244,-81,-23,13,-268,30,79,14,-146,119
-94,-407,-14,55,-425,327,-189,54,-204,-146,-55,-54,-318,-55,112,28,-127,68
-290,-147,-196,231,-324,115,27,-16,-140,-143,-69,-49,-386,7,118,62,-104,61
-230,-71,-116,229,-178,-91,170,99,-101,-99,10,1,-231,111,85,34,-48,61
-115,-284,-47,184,-329,-92,81,148,-104,-79,-46,-33,-289,64,49,-17,-66,31
-156,-543,37,264,-300,-52,-79,87,-102,-58,-175,-62,-451,13,70,24,-126,19
-37,-502,108,217,-115,-82,22,77,-46,-58,-101,-7,-320,23,99,98,-81,37
87,-330,-8,159,-253,71,-66,175,-37,-98,15,29,-228,-23,69,109,-1,52
-92,-268,-96,282,-329,93,100,4,-160,-73,13,45,-320,-11,104,97,39,77
-204,-218,-29,257,-111,-188,434,-146,-274,-4,20,63,-326,87,156,71,64,86
-61,-313,77,107,-215,-109,-170,205,-183,-35,1,26,-410,40,51,27,33,45
36,-516,45,251,-516,53,-177,113,-62,-60,-65,5,-548,-36,4,52,9,43
-9,-424,-252,455,-335,-274,1056,-540,-260,17,-47,59,-357,48,113,101,68,88
-93,-276,-385,379,-101,-253,653,-283,-473,24,-3,76,-143,49,77,31,75,82
-53,-346,-121,327,-352,213,-776,438,-216,-26,-11,61,-308,-57,-47,-63,51,76
78,-221,-50,411,-415,89,-412,289,27,39,19,131,-424,16,-7,-33,137,137
28,10,-206,380,-9,-251,254,-24,-188,108,68,224,-256,139,60,24,205,195
-48,-31,-144,327,112,-98,-147,89,-256,84,57,217,-237,123,36,34,201,207
125,-63,-98,370,-55,80,-383,140,19,109,52,152,-399,137,0,44,265,179
217,-4,-131,354,113,68,-396,139,7,200,95,133,-313,202,0,35,355,161
52,-38,-46,330,371,-24,-155,30,-252,277,121,151,-64,230,63,-8,405,215
0,82,-102,361,262,-173,325,-183,-253,341,110,143,-103,282,95,-44,466,249
141,228,-57,298,49,19,-173,33,-42,343,147,162,-337,296,23,-54,473,203
212,57,317,269,88,337,-745,289,103,261,238,253,-256,227,9,-11,431,202
141,2,202,466,364,192,-170,64,53,227,238,293,125,208,86,30,458,239
68,211,-308,627,498,34,-2,-25,-102,282,171,247,220,228,84,-27,493,203
91,178,-194,557,221,123,-401,94,-78,291,183,236,-85,213,33,-123,469,161
152,72,107,437,56,56,-299,23,69,239,209,251,-174,188,2,-180,444,174
237,249,53,369,347,55,-350,89,100,295,214,299,135,184,1,-179,441,238
334,366,333,395,405,132,-76,193,172,459,302,495,277,276,117,-17,490,371
241,343,661,561,56,-38,922,-2,317,493,328,668,117,398,227,193,539,447
18,406,287,631,53,20,630,-8,220,364,192,565,87,315,128,164,439,376
58,376,-36,456,328,293,-579,214,28,289,156,380,155,129,-1,-26,280,338
230,221,124,327,241,74,-389,80,27,303,232,341,26,74,32,-126,244,406
85,110,161,380,55,-261,372,-233,-74,295,192,325,-125,59,109,-109,234,454
-134,-37,219,361,233,-218,230,-218,-306,278,172,265,-73,42,112,-54,167,480
9,-90,398,277,416,-142,-342,86,-213,271,281,255,-53,95,39,-63,140,509
132,101,130,369,236,-137,-643,200,-89,256,291,275,-290,99,-14,-138,144,502
-121,173,-207,501,55,-238,-267,-61,-393,266,196,277,-454,15,63,-137,105,501
-158,61,-97,461,217,-464,167,-127,-506,284,182,307,-218,-38,141,-92,63,523
187,57,-20,424,344,-308,-192,132,-212,256,227,377,-7,-46,118,-87,77,529
128,-41,-26,483,102,150,-496,93,-342,225,241,419,-232,-9,143,-51,135,528
-173,-193,113,465,-45,191,-368,-44,-629,234,204,401,-426,50,163,-54,178,492
47,35,12,379,237,-122,-455,87,-301,223,168,384,-217,53,80,-169,193,413
197,175,-146,370,391,-369,-172,-39,-148,183,167,393,-81,28,87,-225,220,374
-155,-176,66,420,110,-456,284,-249,-542,192,112,391,-302,42,137,-187,244,372
-85,-227,215,406,-23,-286,-146,9,-416,229,81,413,-394,68,41,-162,254,358
320,58,211,265,166,-59,-403,136,-38,231,211,451,-86,50,8,-132,295,358
97,-110,393,184,162,-130,178,-114,-350,262,235,418,105,-12,116,-113,311,356
-206,-247,350,343,5,-299,330,-134,-495,297,47,390,-82,-23,147,-138,233,349
127,56,-24,477,83,-271,-12,-4,-31,201,12,454,-153,-10,118,-158,142,384
343,24,-109,380,178,-190,-316,77,-84,111,115,497,-42,-131,95,-171,98,411
103,-107,11,307,129,-284,-473,172,-470,204,88,493,-157,-209,67,-155,77,429
105,174,-14,306,180,-494,135,-65,-274,266,85,496,-202,-65,136,-112,77,504
296,50,40,184,176,-462,628,-349,-121,133,133,427,12,-39,166,-148,43,518
166,-369,117,144,-12,-210,-185,-42,-360,29,48,341,-38,-218,27,-219,-42,451
48,-160,14,292,30,-275,-604,245,-313,91,27,389,-204,-220,17,-194,-45,501
229,-9,37,271,253,-561,157,17,-243,151,175,445,-41,-108,152,-134,29,596
276,-292,149,116,168,-517,398,-124,-435,101,212,372,51,-151,140,-115,35,545
115,-50,38,179,10,-318,128,-35,-249,71,138,323,-23,-198,105,-98,19,479
41,412,-104,306,159,-206,-77,63,20,134,132,369,61,-174,140,-88,54,475
-9,261,-226,310,265,-103,-428,165,-269,102,117,386,61,-174,101,-89,50,412
6,-81,-259,303,97,-229,27,-51,-391,-56,59,358,-22,-172,107,-67,8,350
166,-297,182,212,-33,-449,780,-311,-51,-64,45,334,94,-216,163,-53,3,357
122,-379,470,90,63,-332,52,47,-100,32,63,307,76,-263,77,-59,0,328
-13,-74,-61,174,311,-214,-647,347,-349,-13,80,307,-14,-162,16,-43,-5,281
191,203,-390,260,495,-289,19,4,-83,-32,52,329,251,-115,105,-12,28,292
299,74,-96,199,353,-230,241,-146,135,35,-26,332,310,-211,132,-12,44,281
74,-45,-83,176,107,-265,-145,85,-168,-70,0,360,-57,-197,64,-27,0,237
173,-85,-164,92,245,-450,105,46,-313,-179,121,387,103,-186,32,-1,-34,237
467,-138,9,-19,518,-304,366,-134,-85,-59,122,341,638,-322,63,66,-11,255
344,7,-92,85,330,-25,149,-97,-64,-9,86,331,430,-283,115,94,22,245
131,159,-235,161,5,-11,-54,26,-216,-67,115,385,-70,-94,83,47,20,222
74,193,-46,46,221,-104,-134,75,-162,7,53,369,132,-85,-4,15,11,193
-26,284,105,-18,627,-149,-147,67,-71,52,5,358,479,-132,-6,57,33,189
81,232,177,-46,525,-108,-172,102,-54,-47,131,415,353,-104,13,84,41,217
304,147,83,-34,272,-81,-36,86,27,-103,174,401,351,-134,-26,50,-14,219
197,264,-169,43,409,-197,432,-114,-13,-106,96,358,653,-143,-48,68,-64,195
111,146,58,-58,463,-172,606,-192,-165,-79,144,359,653,-44,-51,148,-33,193
237,-38,405,-141,192,30,300,19,-31,29,167,297,429,36,-76,153,24,185
218,261,89,71,210,73,7,234,225,92,57,265,488,57,-110,90,46,146
195,525,-179,158,421,114,-214,332,251,21,76,350,680,44,-156,84,65,114
110,538,67,5,275,224,-91,276,308,-86,161,337,694,35,-165,121,93,79
-248,696,187,-29,189,112,300,112,480,-151,71,205,655,95,-149,113,89,-10
-178,523,159,-69,426,-32,220,150,428,-95,-44,146,737,140,-191,77,65,-107
337,83,182,-183,368,2,32,330,282,56,-49,130,811,99,-225,49,64,-139
318,310,-25,-117,51,44,34,422,370,84,-76,107,642,110,-222,21,62,-159
36,636,-281,-15,44,24,-224,462,477,-68,-146,113,369,190,-262,10,20,-233
107,259,-192,-66,248,-117,33,237,369,-139,-186,63,439,170,-238,30,0,-297
107,66,-6,-120,351,-197,606,-55,374,-36,-238,-53,770,74,-154,14,33,-345
63,348,-80,-154,230,77,-40,243,658,-63,-317,-101,753,56,-243,-55,16,-445
171,232,-220,-151,-56,186,-510,524,729,-233,-363,-100,401,149,-356,-51,-42,-517
6,-76,-120,-21,-58,-139,468,144,467,-144,-384,-151,395,240,-247,25,5,-494
-106,16,12,-12,179,-114,467,155,473,62,-405,-219,720,192,-196,-28,76,-519
193,174,-89,-245,24,204,-659,675,705,-46,-384,-240,683,86,-325,-199,28,-605
201,284,-244,-277,-185,38,-190,462,634,-193,-294,-182,420,154,-260,-189,22,-577
52,491,-193,-55,162,-172,897,69,606,-86,-186,-39,583,337,-26,62,152,-449
440,321,135,-60,419,122,416,515,933,12,-144,35,840,415,0,216,241,-393
616,-138,444,-154,186,317,-148,778,1005,53,-207,-83,710,410,-86,99,242,-430
121,-23,288,-7,132,116,441,274,710,105,-243,-194,611,405,-35,-16,236,-454
-28,451,-28,16,273,52,637,96,644,64,-144,-152,647,373,4,34,209,-436
289,441,-53,-115,130,261,-108,470,776,46,-91,-169,479,332,-90,32,185,-450
230,215,-122,-18,3,291,-270,534,683,70,-174,-274,439,301,-126,-54,194,-499
-65,221,-218,49,160,0,448,288,439,-28,-179,-243,644,282,-34,3,161,-469
-37,105,41,-75,152,-95,518,327,414,-58,-131,-190,511,289,-12,113,81,-393
219,-102,155,-100,-151,227,-132,469,626,51,-202,-304,165,238,-74,83,31,-398
376,52,-226,-200,-200,344,-103,308,619,-4,-224,-388,211,134,-64,66,20,-418
242,307,-481,-387,107,67,198,230,305,-133,-149,-341,370,143,-32,122,4,-398
-5,289,-330,-307,107,-13,-36,385,280,-109,-207,-316,211,180,-53,103,-45,-421
37,300,-182,-248,-214,18,338,150,617,-110,-289,-311,154,86,-25,76,-84,-441
253,356,-267,-350,-153,-183,1156,-241,643,-164,-223,-262,376,42,40,119,-67,-379
249,55,-313,-232,60,-127,611,11,290,-116,-208,-207,258,115,28,152,-81,-335
96,-255,-63,-192,-114,228,-481,448,115,-75,-280,-174,-136,72,-37,184,-190,-371
27,-57,139,-493,-203,149,-302,312,240,-119,-266,-239,-51,-62,-105,176,-267,-429
62,162,-4,-612,-19,-177,307,-9,383,-148,-247,-379,260,-94,-138,73,-234,-472
141,0,-154,-480,-57,-180,190,-12,386,-206,-291,-382,124,-96,-122,34,-221,-479
124,-122,-193,-432,-176,-117,-131,109,213,-292,-282,-263,-119,-149,-117,72,-296,-451
-23,-82,-285,-363,-124,-78,-241,98,3,-253,-267,-236,-105,-179,-106,46,-362,-423
-73,-69,-296,-296,-146,100,-280,13,41,-196,-332,-248,-124,-208,-55,75,-393,-415
97,-8,-244,-447,-250,29,-126,-42,269,-295,-354,-222,-273,-247,-55,187,-449,-431
175,-5,-208,-640,-291,-212,114,-123,240,-354,-296,-266,-362,-226,-88,163,-504,-440
-98,-87,-94,-667,-221,-116,15,-193,-73,-259,-297,-317,-299,-255,-79,117,-530,-413
-329,-20,-78,-634,-56,-51,-288,-95,-206,-246,-341,-267,-169,-421,-107,205,-564,-390
-140,-42,-124,-677,-112,-240,-331,12,-26,-359,-319,-280,-188,-506,-172,195,-591,-418
-3,-267,27,-732,-365,-172,-125,-176,162,-444,-297,-395,-301,-453,-185,101,-599,-469
-264,-242,19,-671,-359,-55,74,-480,76,-492,-333,-409,-334,-502,-177,193,-639,-464
-442,-100,-243,-615,-276,-109,-108,-431,-270,-461,-329,-341,-418,-630,-180,304,-685,-381
-308,-205,-185,-693,-376,145,-701,-151,-389,-365,-282,-354,-487,-626,-192,221,-681,-314
-176,-261,66,-688,-263,327,-764,-184,-17,-368,-268,-404,-265,-564,-214,159,-656,-316
-238,-179,-7,-537,2,-18,-282,-351,100,-414,-237,-411,-58,-596,-213,218,-626,-312
-497,-166,-225,-507,-97,-122,-379,-277,-429,-395,-155,-417,-267,-654,-180,225,-593,-278
-625,-138,-202,-639,-341,139,-509,-391,-622,-410,-106,-467,-555,-623,-114,190,-563,-250
-346,-169,63,-743,-267,151,-133,-636,-97,-399,-134,-563,-502,-521,-48,185,-513,-231
-223,-206,176,-709,-46,169,-375,-410,107,-292,-170,-608,-309,-441,-86,174,-447,-248
-575,106,-81,-565,31,307,-713,-219,-235,-257,-96,-526,-239,-394,-145,184,-374,-259
-672,411,-173,-513,-8,228,-196,-450,-287,-262,57,-453,-191,-341,-89,195,-279,-207
-329,182,178,-610,-58,195,3,-476,-67,-158,98,-451,-85,-328,-47,125,-225,-197
-222,-109,333,-559,-94,310,-195,-381,-92,-79,26,-412,-22,-366,-75,103,-262,-250
-379,-2,52,-372,-168,382,-99,-457,-180,-109,-14,-398,-87,-364,-80,189,-304,-241
-369,150,-73,-437,-196,519,-419,-370,-95,-122,-40,-472,-231,-306,-106,177,-285,-222
-252,112,179,-669,-17,451,-657,-311,21,-108,-46,-494,-206,-261,-138,72,-247,-261
-260,46,329,-644,43,74,-99,-388,42,-130,16,-457,-49,-275,-105,60,-246,-251
-348,-11,134,-428,-271,38,105,-326,-55,-172,19,-444,-117,-313,-84,62,-288,-204
-352,-81,62,-368,-285,336,-72,-460,-64,-194,-52,-427,-141,-294,-55,9,-301,-220
-292,-47,205,-424,176,373,46,-680,138,-211,-41,-443,206,-287,4,-7,-299,-259
-316,69,9,-356,91,247,-88,-431,185,-281,-3,-495,271,-378,-50,-23,-370,-254
-351,58,-229,-249,-483,225,-320,-138,38,-344,-34,-432,-98,-407,-158,-52,-429,-209
-301,-109,132,-298,-445,183,-252,-83,81,-270,-45,-342,-128,-299,-145,-24,-378,-179
-340,-234,459,-368,-72,15,-166,-69,162,-169,-63,-413,65,-245,-79,-33,-337,-196
-411,-212,158,-289,-206,-188,275,-321,82,-214,-121,-501,-23,-300,-36,-80,-353,-191
-288,-132,-148,-223,-478,-173,671,-493,115,-311,-100,-497,-60,-335,-26,-52,-319,-168
-202,-147,-68,-306,-372,99,51,-151,234,-320,-74,-563,84,-299,-88,-70,-240,-240
-321,-258,78,-384,-140,267,-660,72,217,-276,-160,-668,103,-226,-168,-169,-167,-356
-346,-307,57,-337,-183,145,-420,-56,141,-235,-174,-667,15,-176,-182,-171,-97,-390
-285,-318,-41,-279,-501,-79,217,-162,85,-192,-110,-706,-67,-154,-141,-161,-48,-386
-402,-385,54,-279,-622,-166,580,-257,134,-155,-180,-811,-21,-123,-78,-241,-9,-379
-498,-309,193,-195,-372,-16,318,-150,281,-163,-214,-712,143,-107,-49,-208,47,-331
-393,-57,-35,-6,-231,195,-314,146,239,-170,-59,-501,29,-82,-56,-93,87,-301
-318,-46,-194,7,-314,242,-458,110,53,-86,-9,-508,-253,-2,-43,-121,104,-309
-319,-320,169,-181,-266,99,-127,-42,62,-24,-104,-586,-118,18,-51,-185,129,-270
-291,-397,318,-196,-58,-151,116,5,146,-118,-98,-497,180,-31,-98,-138,137,-235
-323,-177,-56,-41,135,-272,138,-55,59,-166,-81,-410,103,13,-96,-74,119,-278
-344,5,-129,-57,129,-72,-9,-62,-21,-17,-110,-375,-82,119,-49,-1,131,-270
-184,84,152,-143,-127,213,44,134,104,70,-24,-242,-19,126,-2,160,191,-154
-77,123,256,-140,-235,344,268,147,284,-46,53,-129,141,66,13,304,213,-97
-226,-14,340,-220,-70,323,36,105,230,-138,-20,-192,141,66,-67,254,145,-145
-333,-246,319,-273,-77,113,-118,93,-7,-98,-96,-332,-35,108,-146,84,59,-184
-265,-297,-50,-143,-207,-154,444,-216,-76,-104,-148,-428,-119,59,-96,22,-5,-210
-302,-271,-216,-88,-134,-178,542,-347,23,-221,-244,-436,-22,-61,-89,55,-84,-257
-401,-288,-154,-119,-118,5,-266,32,21,-305,-287,-393,-43,-114,-207,18,-158,-292
-332,-240,-333,-99,-289,132,-585,145,-14,-304,-256,-431,-167,-139,-247,-42,-219,-306
-352,-321,-269,-197,-349,8,-164,-102,-18,-332,-269,-521,-128,-207,-214,-57,-311,-320
-600,-581,1,-251,-373,-298,122,-126,-173,-411,-340,-507,-136,-228,-233,-77,-392,-313
-577,-650,-275,-46,-504,-388,292,-199,-294,-414,-382,-458,-352,-208,-184,-55,-410,-262
-216,-643,-485,26,-493,-192,431,-443,-141,-316,-363,-496,-450,-213,-54,20,-431,-187
-208,-759,-182,-73,-361,-100,119,-253,-143,-259,-320,-500,-371,-212,-25,13,-471,-110
-570,-638,-224,-16,-415,-60,-331,131,-518,-308,-233,-390,-365,-230,-54,-25,-451,-6
-555,-367,-408,-47,-539,84,-155,-35,-660,-320,-91,-305,-435,-244,17,17,-366,129
-179,-354,-127,-242,-494,80,410,-432,-396,-187,-21,-298,-544,-106,157,57,-269,256
-71,-397,-47,-189,-402,131,366,-364,-353,-62,-30,-259,-656,67,245,74,-185,373
-215,-336,-327,-10,-361,461,-194,-53,-702,-83,67,-171,-602,74,253,127,-132,492
-256,-293,-284,-50,-309,516,-181,-33,-921,-68,213,-108,-530,101,269,150,-65,588
-144,-195,96,-178,-253,389,219,-182,-750,129,258,-60,-661,297,362,176,89,688
48,-76,387,-223,-106,699,51,-171,-512,291,343,14,-688,417,455,287,275,802
111,2,351,-177,80,892,-122,-111,-561,288,486,74,-497,398,481,357,380,844
-25,86,186,-100,-61,594,311,-135,-714,331,463,66,-511,441,463,315,404,822
-17,75,173,-94,-342,542,473,-150,-637,425,338,10,-665,479,422,285,397,829
102,103,68,-132,-210,689,77,-131,-556,355,338,3,-619,390,381,273,354,849
38,196,-56,-167,-16,531,-117,-75,-717,241,397,90,-607,329,354,245,277,843
30,-35,142,-161,-203,419,104,-57,-799,270,342,161,-685,322,336,288,205,825
69,-229,217,-68,-269,418,520,-218,-656,243,241,159,-508,233,378,347,153,790
-199,97,96,-109,-102,232,748,-382,-607,68,249,173,-368,139,433,291,91,728
-333,216,181,-283,-208,228,436,-327,-663,-39,292,190,-582,94,372,245,-2,651
17,-139,-44,-176,-327,511,-47,-173,-586,-83,190,135,-592,1,247,307,-101,545
198,-258,-450,-32,-130,523,-171,-109,-509,-154,49,72,-298,-66,177,299,-169,434
-86,-262,-51,-318,-103,230,29,-203,-630,-155,40,26,-343,-61,158,199,-208,372
-295,-477,345,-468,-305,158,80,-229,-693,-178,20,-44,-511,-132,138,209,-247,312
-163,-512,-186,-144,-215,351,-275,-31,-531,-337,-75,-62,-294,-216,67,272,-281,214
47,-377,-487,-46,25,277,-234,-112,-451,-357,-61,6,-150,-129,6,229,-268,176
58,-316,-165,-254,42,-76,436,-471,-550,-188,10,51,-274,-47,52,199,-216,215
-52,-201,-268,-211,28,-83,269,-277,-571,-182,-33,54,-223,-151,65,246,-191,191
0,-141,-514,-109,42,164,-524,146,-510,-267,-63,76,-212,-182,-10,235,-157,134
201,-262,-129,-238,-117,104,-147,-29,-455,-112,29,109,-456,0,41,225,-31,194
270,-333,250,-265,-193,-2,555,-201,-409,114,95,122,-433,118,150,321,123,290
143,-266,56,-72,-7,111,288,58,-497,154,87,115,-165,107,117,391,223,300
94,-154,-139,41,49,136,286,55,-560,161,115,125,-151,206,100,372,329,327
309,-63,48,-16,-9,202,606,-86,-378,283,197,175,-169,350,165,366,463,404
406,93,135,-80,246,440,-8,193,-323,404,270,202,43,334,123,371,562,418
154,461,-120,-49,546,382,-424,355,-474,423,311,186,136,310,71,341,625,401
160,621,-198,22,450,96,248,89,-344,411,326,211,18,412,145,308,676,442
557,235,45,88,332,102,389,98,-123,469,326,255,21,449,160,291,685,485
610,-31,194,117,509,215,-124,347,-248,559,323,257,146,393,106,302,680,490
345,169,266,72,665,131,135,192,-348,598,318,287,227,413,168,314,705,490
330,317,291,93,656,57,521,18,-180,585,280,347,345,449,204,255,708,478
429,353,44,233,518,50,309,203,-103,559,263,342,400,423,81,175,675,465
434,443,-60,270,278,39,461,187,-152,557,354,329,254,455,52,204,672,509
476,438,237,228,366,186,659,78,-44,601,434,388,317,505,172,295,692,575
504,428,311,291,777,296,156,328,85,627,383,439,608,475,194,281,682,591
501,367,64,371,717,83,-41,446,-10,572,323,420,456,475,115,158,667,575
544,136,25,433,327,14,140,341,-47,483,314,390,176,495,67,84,661,542
570,230,204,403,463,255,8,384,231,493,306,376,496,456,56,102,677,504
533,711,309,189,741,130,338,246,392,640,350,359,781,511,89,75,762,510
472,811,173,226,569,-147,768,94,201,730,401,350,559,639,106,-21,853,511
521,415,40,544,450,145,248,314,187,626,360,348,550,610,72,-75,855,445
597,237,268,502,557,406,61,278,409,539,328,328,757,539,109,-102,857,402
295,614,297,437,504,135,536,75,319,611,377,335,572,635,158,-114,923,421
-13,922,-192,799,482,46,228,367,75,640,407,394,326,733,91,-26,945,429
398,539,-296,804,585,126,-76,501,189,534,349,372,446,649,38,2,867,412
838,146,-18,397,471,-133,427,223,382,445,280,256,608,512,26,-159,763,380
598,490,-123,447,288,-187,433,365,302,453,338,319,579,527,-3,-203,733,390
504,865,-141,689,358,151,127,680,294,580,452,591,537,668,98,12,819,510
693,800,213,614,515,177,418,587,475,750,412,684,586,721,249,140,915,615
422,805,257,538,553,31,442,477,422,748,337,516,643,632,193,36,891,569
275,806,-24,542,430,133,109,468,185,583,411,419,606,554,77,-95,812,485
711,542,-230,549,199,129,240,358,209,485,450,427,456,559,61,-149,793,446
777,368,-295,685,136,81,196,370,355,505,326,348,332,584,19,-151,806,395
437,332,-181,746,317,221,-175,444,278,537,249,269,426,550,-2,-166,805,359
488,314,-154,631,444,-12,169,294,164,511,328,275,590,472,65,-232,798,368
599,504,-440,602,497,-463,575,175,229,426,370,239,529,482,60,-287,771,340
441,717,-595,587,606,-254,66,261,306,401,263,180,407,583,9,-320,740,287
486,635,-400,423,579,78,-197,253,257,490,230,168,441,569,48,-345,734,297
620,415,-232,370,426,-135,55,233,191,544,323,114,426,438,45,-331,697,341
495,295,-217,512,441,-176,-244,410,220,515,268,80,336,437,-13,-329,614,353
438,395,-247,527,473,-43,-133,299,278,490,142,202,347,538,48,-338,579,370
534,644,-335,390,315,-329,910,-181,241,471,214,305,359,492,134,-270,600,406
484,718,-360,332,340,-325,727,-177,197,473,275,228,358,380,87,-261,580,403
438,650,-336,326,675,86,-633,332,296,496,154,132,465,390,12,-407,501,352
518,632,-452,352,695,-161,-441,310,386,448,70,145,459,402,0,-458,415,301
473,404,-316,372,151,-626,1015,-283,257,396,121,159,221,352,42,-360,381,303
395,155,154,137,-160,-285,898,-301,111,405,212,113,133,323,70,-377,389,324
472,530,-25,-99,286,153,-686,323,186,341,241,108,334,250,-34,-473,342,264
416,981,-558,44,721,-17,-1001,345,249,283,205,144,393,214,-126,-433,271,184
184,672,26,76,543,-213,67,-236,224,428,229,76,211,318,-17,-351,294,207
149,408,750,-213,407,-158,185,-241,361,525,209,-1,238,278,50,-375,308,206
275,827,-16,-214,614,-197,-526,130,357,317,44,152,411,84,-62,-413,171,105
385,928,-807,-4,556,-237,-578,139,17,95,39,349,267,94,-102,-378,26,79
562,547,-387,-33,315,-77,-380,90,39,129,198,321,99,165,-22,-294,25,149
524,630,-15,-97,365,-73,-200,44,379,232,138,291,268,72,13,-217,61,154
105,772,33,-106,424,-303,11,-61,184,218,11,391,282,40,-28,-223,6,99
-47,496,302,-119,367,-206,-397,108,-89,171,113,436,101,94,-83,-240,-43,84
276,630,197,27,527,73,-390,25,314,153,200,462,338,84,-29,-157,16,104
319,877,33,60,637,-133,560,-461,623,110,77,480,609,82,57,-145,47,61
24,321,469,-148,399,-353,230,-279,309,79,-68,347,307,47,-77,-279,-48,-78
103,-13,394,-60,251,24,-981,240,120,78,-40,266,141,-70,-247,-288,-118,-168
247,622,-257,174,395,199,-652,73,389,-49,78,368,498,-86,-191,-204,-113,-156
-188,1048,-195,82,392,-200,65,-193,622,-202,-56,383,550,-17,-194,-275,-166,-220
-497,696,23,134,175,-273,-77,-200,474,-57,-371,312,296,-65,-306,-300,-235,-330
-266,292,15,354,208,19,10,-293,219,97,-291,369,498,-151,-244,-157,-222,-301
-346,230,698,154,444,-11,-52,-116,379,-155,54,457,752,-105,-220,-162,-200,-262
-558,207,1018,179,301,-139,-386,72,670,-337,46,468,464,-8,-316,-290,-191,-333
-320,103,139,803,-88,-4,190,-269,404,-123,-55,500,325,-29,-211,-255,-148,-343
-381,349,-179,837,-49,124,436,-294,24,-84,114,572,680,-146,-130,-185,-148,-289
-530,564,250,303,293,1,-379,86,180,-306,122,590,673,-162,-277,-232,-227,-317
-53,3,209,327,341,-338,-206,-143,405,-375,-85,542,297,-54,-293,-298,-291,-370
-159,-325,333,507,137,-435,444,-370,393,-351,-176,491,450,-60,-251,-361,-293,-414
-920,30,804,405,-42,-36,-59,0,478,-217,-366,425,718,-146,-336,-372,-262,-471
-788,-218,739,601,-211,84,-24,-97,607,-42,-587,357,330,-13,-255,-310,-238,-466
-379,-469,281,841,-235,-273,547,-386,532,-308,-385,434,85,122,-186,-369,-281,-470
-480,95,-232,704,-31,-228,-323,50,300,-639,-129,555,412,-52,-397,-495,-364,-574
-511,114,-150,513,-39,-90,-430,5,227,-465,-271,475,468,-126,-430,-465,-377,-619
-947,-37,865,291,-269,-522,1338,-769,570,-398,-415,416,366,8,-193,-404,-337,-559
-1266,401,979,278,-187,-506,1001,-477,779,-615,-336,565,556,-193,-157,-374,-369,-539
-286,-170,-78,694,-203,221,-955,361,427,-485,-315,532,511,-436,-319,-331,-439,-567
-8,-859,-11,739,-654,94,-219,30,332,-244,-455,226,308,-133,-421,-501,-417,-604
-1171,80,623,374,-514,-762,1079,-442,671,-311,-609,154,314,92,-359,-687,-363,-640
-1017,210,368,398,-87,-530,-110,7,571,-426,-541,354,141,-175,-208,-478,-392,-619
70,-1028,399,477,-718,349,-547,175,332,-464,-323,374,105,-283,-234,-328,-417,-594
-167,-719,478,352,-1176,29,962,-292,514,-496,-340,267,497,-126,-310,-537,-395,-619
-582,141,-207,406,-322,-859,1134,-374,510,-561,-501,310,391,-153,-125,-534,-444,-621
-215,-568,22,268,53,-695,0,-116,324,-607,-499,288,-103,-277,-33,-344,-528,-617
-224,-901,828,-7,-556,-169,-304,-62,493,-487,-464,153,-33,-344,-271,-443,-538,-644
-577,-165,404,169,-624,-361,-70,-78,528,-504,-430,238,118,-366,-335,-551,-548,-608
-642,-494,265,273,-236,-628,150,-198,219,-679,-424,286,-55,-281,-104,-472,-586,-547
-582,-1352,1045,81,-241,-490,396,-459,256,-352,-679,-32,70,-279,-51,-533,-571,-576
-629,-691,607,269,-522,-423,345,-394,581,-31,-832,-161,319,-437,-245,-630,-550,-623
-912,381,-585,550,-635,-547,173,-125,456,-666,-518,161,113,-428,-308,-511,-609,-622
-973,-46,-564,407,-309,-598,210,-288,26,-1247,-304,346,-204,-307,-101,-373,-670,-600
-405,-870,205,201,-185,-442,351,-497,92,-802,-454,294,-177,-357,104,-343,-609,-510
-3,-648,512,193,-641,-243,368,-59,485,-350,-441,360,-27,-362,88,-273,-451,-372
-205,-317,297,300,-569,-286,11,408,370,-491,-214,410,-82,-209,20,-165,-373,-308
-479,-436,370,251,-191,-257,-75,108,131,-485,-232,291,-93,-212,76,-187,-418,-289
-630,-361,1028,-110,-791,116,670,-378,426,-262,-455,217,149,-354,125,-304,-445,-227
-528,-468,1134,-250,-1171,122,890,-269,413,-461,-353,287,109,-332,85,-290,-432,-158
-276,-811,316,123,-249,-343,-192,115,-164,-807,3,321,-329,-225,72,-187,-459,-136
-288,-628,-231,484,326,-363,-956,176,-113,-607,-107,165,-380,-303,113,-246,-492,-176
-186,-623,-167,536,-131,-149,-365,-129,406,-355,-475,-17,-67,-461,151,-397,-510,-257
-14,-1096,83,311,-500,-375,462,-419,280,-712,-312,28,-162,-418,175,-426,-535,-296
-499,-839,271,53,-500,-457,215,-251,-114,-912,-113,127,-490,-273,147,-377,-533,-300
-801,-320,31,201,-334,-227,-579,149,-87,-490,-403,92,-442,-319,85,-315,-527,-331
-359,-341,-334,426,-166,-322,-378,65,119,-418,-430,120,-237,-490,146,-219,-572,-312
-477,-98,-140,184,-387,-449,401,-304,264,-867,-104,174,-340,-494,278,-183,-612,-227
-890,-214,439,-80,-529,-342,177,-185,223,-899,-132,62,-548,-358,257,-230,-599,-207
-272,-1272,586,91,-150,-320,-618,204,-61,-538,-273,6,-442,-353,135,-224,-577,-237
300,-1260,-153,326,-138,-147,-561,68,-232,-453,-170,70,-220,-479,100,-179,-582,-238
-263,-283,-503,114,-679,-37,435,-556,-95,-640,-161,-37,-302,-466,147,-215,-596,-252
-696,-629,610,-411,-737,-475,1146,-793,41,-765,-218,-183,-489,-319,210,-261,-563,-253
-235,-1241,933,-407,-367,-548,362,-210,-38,-680,-106,-125,-431,-301,190,-221,-487,-216
95,-586,-417,87,-301,45,-909,320,-200,-458,-43,-117,-363,-417,93,-156,-453,-225
-227,-259,-440,6,-349,112,-807,117,-212,-331,-138,-237,-473,-476,121,-97,-426,-241
-400,-732,639,-376,-229,-210,-270,-43,-116,-377,-166,-209,-453,-439,192,-53,-342,-207
-43,-826,305,-226,-182,-83,-518,152,-152,-446,-73,-118,-295,-358,102,-79,-296,-208
79,-803,-159,-35,-363,56,-344,-10,-308,-424,-15,-169,-379,-320,110,-72,-303,-223
-171,-786,-63,21,-559,-56,177,-170,-388,-383,-47,-180,-565,-375,289,41,-261,-190
-34,-457,-534,130,-375,-113,-243,185,-321,-400,-60,-113,-471,-385,253,56,-218,-207
239,-614,-25,-353,-39,-145,-478,132,-157,-372,-48,-175,-290,-325,140,-55,-221,-243
-67,-934,1148,-908,-212,-43,191,-403,-104,-316,-81,-259,-324,-366,276,-52,-197,-192
-394,-343,137,-373,-501,148,141,-269,-298,-338,-98,-239,-424,-394,318,19,-166,-166
-198,-67,-1045,319,-221,-7,-438,199,-420,-231,-62,-277,-373,-240,136,10,-137,-203
-17,-925,150,168,10,-330,9,61,-228,-78,-7,-309,-255,-183,149,39,-63,-166
-35,-1272,899,-95,-242,-419,586,-148,-98,-265,70,-211,-297,-315,289,100,-16,-99
0,-654,-136,-48,-259,-345,118,24,-286,-383,52,-222,-470,-265,236,37,-4,-102
-80,-293,-668,92,74,-104,-526,111,-412,-58,-103,-375,-476,-119,169,-18,41,-115
-191,-380,-455,233,96,174,-743,90,-296,38,-133,-402,-338,-259,186,30,48,-140
-118,-539,-306,102,-159,39,-449,45,-243,-222,-17,-378,-314,-396,126,60,42,-213
-265,-615,81,-57,-177,-299,390,-227,-238,-174,-28,-414,-313,-231,128,101,126,-258
-454,-451,125,252,-3,-223,621,-339,-52,-9,-107,-360,-195,-178,249,179,159,-263
-136,-326,-482,459,6,83,-184,-24,66,-120,-105,-326,-69,-374,201,123,80,-314
9,-434,-478,54,-41,135,-655,168,-113,-145,-124,-466,-38,-393,20,19,61,-385
-301,-472,97,-254,47,19,-561,132,-206,-74,-131,-519,-174,-223,-13,49,80,-393
-156,-466,-85,-29,-53,-86,-536,152,0,-225,-95,-418,-393,-189,-13,74,4,-387
49,-595,-477,113,-355,-124,-257,-10,64,-329,-174,-469,-343,-288,-119,2,-94,-431
-409,-715,-147,-95,-285,-22,33,-327,-213,-260,-285,-607,-38,-392,-132,-38,-151,-460
-511,-740,-188,-75,5,-75,-154,-324,-363,-365,-245,-542,-53,-459,-34,-2,-210,-434
-83,-759,-720,232,-77,-342,-375,-79,-195,-510,-199,-425,-455,-449,-42,71,-263,-406
-337,-881,-204,125,-228,-272,-450,-20,-158,-380,-259,-499,-496,-445,-112,82,-296,-388
-873,-912,500,-226,-76,-43,-297,-264,-365,-277,-287,-582,-83,-500,-88,-10,-324,-362
-732,-611,-158,-71,-80,-191,34,-438,-417,-426,-240,-489,-110,-487,-56,-21,-338,-352
-429,-455,-738,203,-356,-196,-418,-101,-339,-532,-191,-356,-593,-438,-114,73,-359,-347
-406,-641,-377,51,-354,49,-1095,235,-475,-491,-122,-283,-656,-477,-141,110,-375,-289
-421,-512,-417,-31,-88,-214,-381,-132,-599,-480,-52,-252,-403,-502,-70,158,-331,-194
-470,-340,-595,62,-68,-530,382,-470,-395,-535,-102,-309,-397,-483,-25,218,-294,-148
-565,-746,-82,-95,-246,-170,-339,-99,-331,-537,-200,-419,-445,-509,-39,138,-318,-152
-601,-927,61,-110,-266,70,-749,159,-688,-318,-154,-418,-441,-421,-17,93,-231,-127
-512,-543,-406,205,-211,-190,-72,-54,-768,-70,-59,-359,-515,-187,1,171,-14,-91
-301,-555,-371,137,-247,-132,26,-144,-399,-214,-80,-396,-476,-137,-33,149,72,-119
-287,-842,-83,-157,-263,136,-192,-206,-436,-450,-84,-398,-416,-262,10,142,37,-150
-479,-599,-362,32,-216,-136,379,-396,-858,-281,11,-281,-545,-221,121,274,141,-137
-305,-317,-637,185,-129,-489,529,-184,-815,-86,67,-241,-547,-77,90,260,335,-193
95,-549,-204,-171,1,-183,-456,298,-477,-142,47,-257,-365,-79,-55,159,418,-302
41,-651,301,-328,40,241,-997,356,-387,-96,26,-179,-348,-119,-116,224,423,-333
-298,-275,-46,13,-21,48,-477,100,-350,-14,-33,-207,-377,-86,-107,220,426,-368
-474,-134,-806,307,-8,-381,28,-81,-376,-77,-207,-445,-260,-113,-129,60,393,-516
-479,-555,-613,135,5,-480,171,-277,-584,-49,-320,-558,-302,-180,-150,53,340,-612
-230,-861,423,-411,-66,-414,113,-305,-509,-34,-144,-392,-534,-152,-156,171,308,-550
124,-660,534,-567,-1,-350,-279,99,-169,-210,34,-224,-395,-150,-209,222,271,-496
74,-371,-425,-12,172,-208,-450,361,-152,-234,-134,-214,88,-236,-246,270,224,-513
-199,-264,-603,197,88,-131,-99,135,-277,-112,-255,-223,62,-220,-171,322,185,-462
-188,-158,-48,-231,-126,-109,-251,83,-135,-159,-103,-228,-407,-166,-126,297,119,-375
-120,-122,-212,-200,29,-4,-710,209,-37,-125,-151,-341,-280,-242,-198,246,44,-346
-204,-297,-438,133,286,-111,-117,-88,-189,78,-293,-402,122,-237,-151,235,50,-249
-136,-333,-25,-97,61,-440,585,-308,-315,24,-58,-243,-258,-100,-2,258,102,-70
118,-147,-100,-283,-76,-413,58,-41,-353,-129,192,-121,-660,-103,-24,315,108,19
312,-169,-584,39,400,-8,-507,59,-437,54,153,-172,-208,-161,-73,387,123,64
206,-136,-370,110,575,210,-395,37,-462,292,170,-188,53,-63,40,397,199,163
-220,316,126,-182,182,68,-273,219,-375,267,285,-137,-304,52,97,351,267,236
-285,429,263,-233,279,-78,31,96,-362,248,348,-59,-243,67,101,403,303,293
255,23,180,-20,669,207,145,-90,-418,432,389,35,151,52,201,526,336,371
378,49,9,86,449,606,-460,198,-384,586,333,-10,18,91,208,476,358,385
-39,394,13,-25,190,415,-490,260,-388,471,332,-71,-284,198,143,319,381,395
69,383,113,-43,436,113,191,-45,-470,305,553,135,-150,253,238,355,434,501
506,299,-133,321,610,380,212,6,-383,435,609,333,67,279,346,516,483,601
500,307,-320,584,552,515,181,89,-233,614,410,279,-56,469,371,554,493,645
375,285,-23,294,563,269,586,-56,-311,535,429,278,-221,644,443,495,512,717
408,473,116,55,593,387,283,114,-404,492,595,371,-47,535,428,461,548,781
478,614,-105,220,627,606,-203,313,-251,593,564,301,229,397,285,430,542,766
586,457,2,176,679,467,57,156,-98,595,503,221,220,454,275,410,534,736
459,587,324,-42,616,433,156,157,-134,626,515,322,28,516,359,459,570,747
304,907,149,88,561,459,-38,288,-83,717,447,368,-56,501,328,496,571,732
691,678,-53,116,611,340,78,182,125,619,426,259,32,476,263,439,510,657
880,397,296,-225,525,513,49,150,68,490,534,254,117,467,255,398,475,604
293,795,263,-165,379,684,-63,269,-199,493,511,381,22,535,258,454,470,590
114,1101,-251,203,544,399,121,292,-35,477,344,380,29,579,256,491,459,556
681,615,35,68,764,229,165,287,373,455,296,273,303,465,236,441,427,510
797,188,488,-194,589,298,207,182,202,390,398,289,237,400,251,388,373,481
432,452,2,-72,377,288,360,-13,-296,297,474,339,-248,517,340,403,382,458
419,725,-226,-24,487,460,155,5,-198,531,354,208,-246,580,335,439,484,415
607,665,123,-124,461,517,243,81,258,808,130,74,184,503,187,427,495,352
550,630,8,-153,77,168,674,55,159,506,193,176,79,418,118,359,376,328
328,538,89,-319,-53,229,187,157,-273,180,467,262,-292,365,176,271,348,363
229,431,502,-327,416,585,-428,235,-172,440,447,120,-60,397,195,276,445,367
501,603,28,88,813,376,-21,210,306,621,235,57,336,506,132,403,485,318
769,663,-508,242,423,145,320,281,421,388,180,175,145,515,93,416,433,269
496,486,-205,-37,-70,246,367,126,85,283,178,192,-178,446,133,268,377,215
264,510,-200,-127,248,137,589,-198,-201,329,191,128,-75,467,142,241,336,159
619,478,-360,-108,520,181,251,-71,1,291,234,103,79,488,38,276,325,116
702,320,187,-312,76,571,-177,133,380,320,164,32,54,383,-22,189,353,75
193,507,444,-431,92,526,131,-47,228,341,137,6,150,321,37,193,367,67
152,618,-87,-243,620,176,251,-95,-121,250,221,88,210,434,29,278,344,78
597,455,-455,-67,394,168,99,-21,30,260,163,75,-2,529,-71,185,327,36
507,637,-415,-187,22,339,120,-155,217,295,77,-47,-107,463,-120,91,311,-9
171,820,-318,-308,364,457,-305,-83,85,255,118,-94,17,402,-128,140,286,5
299,679,-281,-168,488,474,-601,137,114,363,98,-47,63,407,-113,139,307,7
376,787,-197,-256,293,326,-163,35,173,473,87,-24,121,341,-78,107,344,-33
213,737,160,-683,527,211,-161,-96,83,367,146,-168,247,320,-146,59,334,-89
414,188,363,-666,622,229,-499,-75,330,318,22,-370,225,450,-282,-116,310,-161
627,177,-61,-262,317,319,-321,-101,561,327,-105,-303,224,460,-301,-170,267,-191
303,779,-489,-244,289,516,-322,-46,152,222,62,-87,315,312,-214,23,195,-120
42,1033,-410,-409,324,519,-278,-97,-86,291,172,-121,212,339,-146,62,217,-50
184,870,-66,-363,206,93,501,-451,437,484,-11,-285,160,474,-168,-116,302,-73
201,585,306,-411,360,-233,724,-503,699,383,-100,-300,351,438,-272,-170,258,-108
-31,454,306,-552,464,-14,-134,-108,148,229,46,-249,300,330,-292,-132,157,-70
-72,676,2,-538,281,431,-683,58,-188,296,138,-178,109,290,-151,-159,176,1
251,735,107,-493,353,622,-541,-45,288,268,116,-72,312,306,-83,-146,222,28
411,557,362,-477,486,475,-359,-29,683,140,121,-92,470,407,-195,-110,192,-30
-17,607,264,-434,201,330,-309,-32,355,211,94,-242,186,428,-257,-167,164,-129
-338,453,208,-354,-44,369,-179,-236,36,318,-53,-332,72,250,-181,-231,160,-182
-24,150,170,-201,86,352,48,-324,267,217,-146,-243,321,210,-146,-222,136,-173
199,551,-29,-180,283,334,-113,-55,495,30,16,-1,384,406,-181,-161,109,-123
-48,956,79,-316,299,468,-446,87,376,8,193,93,194,435,-134,-85,71,-49
-335,508,309,-203,107,363,-40,-220,204,205,20,-152,40,294,-43,-83,1,-8
-408,223,221,-29,-28,95,363,-310,150,288,-159,-272,32,269,-49,-130,-58,9
-102,661,188,-217,130,291,-33,44,268,76,114,70,264,282,-53,-60,-70,109
252,959,367,-328,239,654,-17,92,428,29,388,403,501,277,66,123,-41,268
-66,768,573,-119,3,695,363,-83,290,273,225,365,262,330,147,238,-20,330
-513,526,641,-25,-228,650,74,0,100,270,72,185,-110,321,99,186,-51,278
-182,519,344,-58,-141,488,241,-84,270,79,183,90,63,270,77,91,-81,227
190,538,173,-118,33,248,854,-246,376,74,225,106,386,323,61,119,-84,183
-153,308,519,-329,-30,408,179,39,122,-45,122,145,235,318,-67,110,-172,76
-427,149,536,-366,-245,635,-594,151,39,-281,33,100,47,138,-153,-85,-310,-39
-87,293,21,-54,-315,521,-116,-140,327,-183,-37,65,205,0,-113,-143,-336,-72
49,430,-189,124,-239,506,36,-79,467,-81,-87,116,252,27,-105,48,-341,-53
-514,555,-57,-24,-225,467,-174,32,187,-289,-87,148,-19,101,-80,98,-443,-21
-803,578,161,-206,-299,104,421,-281,-73,-308,-53,165,-187,88,41,2,-486,35
-151,209,328,-211,-307,64,622,-248,77,-149,16,231,10,3,66,51,-439,102
316,115,-7,-43,-242,419,-62,234,214,-244,106,304,222,4,-12,134,-433,161
-200,674,-369,98,-316,520,-196,297,-46,-273,153,368,48,148,6,100,-386,201
-522,791,-17,128,-422,484,108,62,-128,-73,138,444,-104,232,58,48,-266,194
-18,284,281,203,-321,504,112,97,281,-128,86,512,190,137,30,34,-261,152
105,224,100,248,-451,399,249,180,495,-323,8,499,311,27,-2,42,-331,88
-360,432,156,153,-942,386,456,104,215,-248,-18,434,-33,22,-16,32,-324,11
-290,296,304,126,-907,492,245,141,69,-174,54,487,-73,67,-35,14,-320,-18
20,380,210,149,-330,341,64,266,364,-220,51,566,239,134,-59,26,-339,-14
-231,679,232,69,-256,114,171,212,526,-146,-80,449,238,126,-98,-24,-323,-37
-317,356,155,71,-597,173,-7,185,169,-184,-92,373,27,-27,-122,-123,-391,-32
47,-59,-85,128,-594,319,-327,331,-125,-361,1,516,-58,-66,-91,-54,-496,52
-39,392,-9,79,-382,291,20,236,100,-231,-28,581,-49,107,-2,109,-415,145
-308,960,-10,141,-309,252,492,-3,336,-54,-40,541,94,129,75,131,-275,170
-51,708,-117,165,-399,318,211,103,297,-207,60,555,184,-9,4,55,-268,88
97,218,426,-164,-615,175,67,202,349,-237,-3,469,-2,15,-153,-30,-288,-46
-162,131,750,-259,-680,-125,351,74,440,-92,-224,336,-81,52,-210,-140,-309,-120
-147,226,-17,168,-493,-47,-5,187,367,-232,-287,381,133,-69,-203,-219,-368,-137
88,277,-470,357,-486,150,-208,248,405,-403,-188,439,173,-76,-179,-214,-362,-129
70,216,-98,215,-714,17,459,-32,495,-323,-157,387,-25,27,-116,-155,-352,-72
-117,23,24,201,-732,-15,423,-22,267,-259,-223,348,-40,-53,-103,-149,-448,-19
-304,-92,92,151,-607,-9,-27,170,44,-271,-255,329,60,-198,-108,-228,-509,-10
-295,-111,275,137,-720,-372,666,-106,249,-335,-245,337,-106,-155,-36,-233,-506,18
-34,-163,-83,325,-873,-442,1106,-446,417,-472,-255,354,-407,-76,-8,-163,-554,61
-35,-91,-272,160,-742,-70,239,-285,84,-430,-200,308,-409,-169,-59,-219,-563,67
-298,40,109,-168,-552,-105,-329,87,-211,-288,-122,306,-172,-287,-108,-332,-471,47
-115,-105,-30,86,-566,-380,-106,168,87,-357,-225,330,-146,-239,-163,-336,-417,6
130,-356,-226,303,-706,-350,125,-81,363,-421,-311,221,-363,-163,-160,-325,-433,-36
-284,-412,270,24,-806,-279,197,-193,41,-359,-209,125,-413,-225,-92,-350,-441,-63
-514,-389,130,58,-729,-266,-105,3,-137,-412,-275,111,-278,-307,-143,-368,-436,-135
-49,-407,-451,137,-645,-214,-609,86,187,-505,-453,0,-350,-325,-269,-437,-456,-208
-29,-528,208,-435,-849,-303,-454,-86,160,-495,-348,-101,-545,-372,-251,-525,-509,-156
-518,-732,847,-615,-1010,-493,190,-251,-193,-439,-312,-71,-456,-425,-135,-548,-529,-70
-352,-657,-27,60,-811,-535,291,-227,-114,-326,-508,-27,-266,-424,-85,-505,-474,-55
118,-353,-655,302,-694,-419,-98,-48,-28,-287,-344,71,-384,-410,-73,-392,-419,-3
34,-378,-119,-58,-760,-389,-85,-39,-322,-375,-6,181,-584,-344,-15,-331,-385,75
-123,-524,62,-100,-620,-451,203,-239,-369,-345,-107,135,-464,-246,25,-423,-307,52
31,-363,-293,19,-541,-318,173,-294,-137,-306,-241,79,-237,-266,-21,-454,-224,13
129,-400,-145,-120,-781,-221,186,-252,-55,-431,-95,46,-324,-313,-62,-369,-212,33
88,-741,197,-190,-841,-404,163,-174,-54,-345,-127,-118,-541,-246,-63,-406,-212,12
32,-707,23,-26,-553,-407,-368,104,-160,-83,-246,-187,-428,-250,-72,-473,-176,11
15,-436,-222,85,-382,-392,-270,127,-245,-161,-84,-65,-181,-354,0,-381,-150,139
103,-402,-22,34,-473,-778,756,-257,46,-325,41,-49,-255,-309,136,-323,-141,282
146,-428,201,5,-507,-820,882,-341,147,-178,28,-71,-406,-190,164,-354,-114,361
88,-475,67,83,-336,-332,248,-187,-370,-85,176,42,-270,-216,173,-294,-88,445
175,-549,-91,138,-263,-119,240,-237,-516,-133,259,63,-138,-249,261,-253,-62,513
382,-371,-79,160,-503,-107,136,-68,-12,34,116,-44,-320,-131,247,-339,36,540
369,-198,-89,253,-620,-60,-270,258,47,191,137,-41,-503,7,173,-369,153,576
195,-352,-116,399,-235,-131,-146,186,-293,88,283,46,-232,5,224,-324,165,604
242,-441,-121,589,143,-26,-168,112,-141,69,265,73,211,-78,256,-329,167,598
397,-333,-189,721,-42,9,-233,160,108,166,282,37,93,-66,221,-354,255,597
358,-470,-185,586,-346,-373,457,-160,-96,102,311,-29,-334,-6,283,-366,262,582
346,-758,-124,438,-168,-412,474,-261,-212,75,112,-72,-208,-64,303,-398,155,509
361,-615,-231,551,33,-138,-352,151,-41,204,-11,-85,96,-134,173,-442,125,438
180,-222,-245,539,-218,-338,-34,107,14,214,113,-90,-92,-87,144,-447,160,456
360,-234,-45,379,-205,-445,649,-149,57,149,206,47,-70,-40,263,-302,174,558
850,-326,-77,532,325,-105,270,196,251,201,244,281,463,-13,309,-73,223,627
534,-32,-66,617,333,-37,-64,419,343,279,204,225,484,22,227,-84,257,546
-130,4,245,296,-139,-196,-47,124,232,282,8,-106,1,-39,94,-315,207,375
118,-385,47,181,-6,-305,-39,-102,81,178,-23,-274,20,-101,25,-398,193,271
613,-516,-354,255,377,-455,298,-222,97,121,82,-303,329,-27,50,-355,249,225
510,-521,-95,140,283,-351,95,-159,249,319,-97,-436,315,-27,7,-425,256,127
307,-590,-145,299,168,-130,-572,92,192,395,-254,-462,318,-157,-87,-516,213,44
240,-413,-586,546,165,-157,-184,-43,34,58,-14,-292,480,-153,-65,-481,198,67
240,-381,-229,310,74,-119,212,-209,194,-116,104,-241,475,-65,-43,-409,196,77
362,-595,-155,268,241,-221,-297,46,325,51,-131,-365,400,-99,-105,-426,147,-4
240,-435,-842,467,434,-661,-145,-41,67,41,-216,-463,375,-138,-125,-525,81,-49
-12,-270,-443,60,229,-623,214,-345,-16,-89,-77,-481,276,-100,-152,-549,66,-20
122,-499,309,-291,106,-300,-347,-73,230,-67,-74,-447,173,-129,-208,-451,78,-33
232,-498,-271,55,162,-521,-472,153,195,-53,-194,-429,144,-227,-186,-408,61,-98
66,-401,-716,228,10,-622,-125,-10,-14,-39,-263,-505,191,-254,-214,-469,44,-160
197,-684,-259,21,-71,-268,-367,53,97,15,-264,-573,363,-229,-315,-470,49,-215
417,-732,-151,-76,20,-280,-307,132,249,-60,-217,-515,438,-252,-256,-364,39,-237
194,-370,-342,-157,-64,-537,23,24,125,-164,-208,-427,187,-293,-173,-275,1,-239
-18,-245,-400,-153,-169,-573,-228,114,15,-173,-266,-393,-58,-262,-257,-277,-43,-250
55,-276,-457,-27,-123,-610,-30,79,89,-176,-259,-360,104,-246,-235,-306,-68,-203
8,-229,-202,-131,-174,-577,413,-67,144,-149,-225,-324,365,-359,-127,-283,-91,-128
-83,-323,11,-274,-354,-427,-211,268,20,-136,-261,-292,148,-439,-208,-226,-143,-134
65,-318,-345,-155,-425,-505,-389,370,-145,-158,-232,-216,-288,-317,-175,-168,-149,-81
168,-57,-470,-69,-247,-701,796,-239,-60,-37,-158,-173,-244,-183,123,-87,-92,111
74,-48,-55,-150,-74,-733,1134,-313,140,80,-189,-211,39,-193,173,-6,-90,200
94,-249,46,-230,-249,-575,246,290,14,-37,-157,-158,-54,-234,-31,32,-127,148
186,-168,-196,-281,-454,-324,-127,411,-266,-137,-7,-49,-245,-281,-29,60,-118,158
52,-36,-175,-297,-311,-289,-10,259,-218,-86,-26,-124,-175,-349,66,105,-121,173
-74,-152,-17,-275,-185,-398,-46,367,-55,-86,-140,-238,-131,-292,38,121,-140,127
96,-243,-88,-257,-308,-234,-34,325,-161,-96,-68,-167,-293,-117,50,107,-93,149
247,-162,-255,-219,-382,-47,53,174,-310,-33,44,-90,-466,-38,143,158,-26,213
120,0,-241,-203,-245,-165,232,214,-292,16,48,-95,-377,-80,217,276,3,241
-3,100,-130,-265,37,-276,283,297,-356,59,66,-69,-89,-116,221,326,6,290
54,-54,-115,-297,135,-217,-153,418,-508,104,74,-83,-146,-111,141,300,-16,329
148,-247,-57,-281,-184,-115,-221,421,-423,104,3,-122,-473,-90,139,324,-8,317
237,-205,81,-335,-334,-85,558,112,-251,127,-18,-79,-302,-70,251,373,72,311
340,-197,-85,-353,13,-185,763,28,-375,166,5,-92,110,-67,218,358,125,265
343,-237,-521,-184,64,-152,-17,390,-497,128,-52,-178,-102,-41,87,340,109,158
243,26,-605,-40,-307,33,-307,563,-243,95,-84,-141,-563,47,117,380,136,130
120,338,-353,-101,-146,-26,44,427,-96,154,22,-76,-419,118,188,412,225,167
-39,277,-272,-170,425,-174,-10,397,-414,235,99,-124,63,74,137,362,270,138
-3,-1,-217,-143,420,-125,-168,393,-550,284,44,-144,138,8,97,275,237,88
344,-249,5,-159,-14,-97,50,270,-193,266,0,-132,-205,20,129,264,173,70
405,-323,55,-222,-107,-75,-56,277,-111,179,26,-179,-436,22,133,317,121,33
0,-118,-80,-205,153,-66,-329,385,-541,195,66,-123,-319,9,121,332,147,31
-44,161,-193,-68,391,-290,169,236,-659,356,103,54,-124,98,173,358,261,114
367,150,-197,27,396,-387,766,-34,-252,392,131,75,-144,207,251,427,342,161
384,-115,176,-117,244,-109,356,86,-69,306,158,-68,-271,200,240,408,351,129
30,-151,466,-233,303,111,-471,511,-352,408,175,-119,-186,127,167,346,389,102
93,187,-102,3,562,99,-507,527,-495,585,148,-56,7,91,182,400,459,94
512,408,-596,182,566,-29,322,48,-160,539,152,-25,-38,197,282,466,514,74
546,366,-245,43,419,-124,679,-57,156,424,181,-52,-137,359,281,414,552,32
235,306,-136,20,479,3,-92,394,-13,436,101,-96,-31,314,154,347,538,-31
275,85,-248,78,502,45,-332,424,-243,517,41,-123,-40,187,116,377,533,-39
568,-190,274,-102,400,-154,482,2,-94,630,138,-124,-202,240,216,474,611,29
552,-109,407,-176,542,-35,309,96,-12,626,201,-141,-88,249,234,517,622,32
439,37,-190,-5,762,255,-578,431,-216,442,200,-146,98,164,149,459,537,-15
453,58,-186,61,639,52,-176,303,-207,468,223,-98,-93,302,168,441,587,39
341,326,84,76,518,-203,362,221,-11,750,168,-78,-287,461,222,503,700,100
320,553,-181,143,794,57,-205,363,-2,736,169,-67,-27,350,170,517,668,55
559,316,-209,160,1002,325,-320,203,-12,431,358,49,218,265,178,549,615,51
572,66,48,196,777,169,188,48,11,359,389,124,-39,323,260,638,632,94
344,122,-23,138,561,-23,12,208,-116,497,213,-12,-306,305,180,581,610,29
318,241,-48,-49,614,103,-239,191,-121,528,195,-140,-59,236,41,452,594,-59
393,242,85,-13,686,284,44,-38,81,470,249,-92,240,186,74,475,610,-62
359,173,90,102,702,209,23,-24,97,439,196,-8,76,175,151,507,563,-51
345,328,160,-11,660,118,-273,249,12,475,236,99,-199,280,160,513,519,-13
380,650,320,-34,596,164,-36,420,124,570,349,272,-100,357,208,679,554,73
335,489,516,82,721,148,418,247,205,588,326,303,224,241,273,796,559,79
240,32,620,77,798,198,299,23,118,455,244,152,250,152,251,666,487,-13
285,150,193,110,532,312,-23,86,93,340,232,73,-113,260,179,580,427,-72
365,512,-259,180,466,101,116,147,67,365,253,111,-249,333,120,627,413,-82
110,428,-35,134,797,-64,104,104,-109,418,225,102,98,190,72,580,404,-110
-185,327,182,119,787,258,-449,235,-129,386,138,49,198,77,50,504,376,-142
32,430,66,55,431,371,-443,274,102,326,127,28,-202,206,83,546,348,-137
288,325,91,-86,442,6,246,55,78,312,213,13,-278,297,116,616,322,-140
91,196,-14,-9,693,-18,244,50,-209,303,181,-10,136,151,56,625,268,-215
12,183,-115,39,612,359,-431,241,-137,245,42,-30,205,58,-46,565,177,-298
233,-91,379,-195,318,451,-507,172,146,176,23,-19,-150,129,-45,500,99,-296
182,-270,653,-217,259,246,20,-22,42,164,81,59,-217,166,30,525,86,-262
-120,212,119,48,455,157,85,57,-146,186,83,136,45,148,15,546,113,-250
-211,672,-212,101,567,201,-347,248,-7,158,83,114,145,105,-59,478,105,-206
-34,373,7,21,483,217,-387,180,51,105,118,93,41,33,-30,450,55,-157
92,-38,51,92,370,262,-253,86,-133,84,116,130,-61,54,11,462,9,-194
-91,87,-83,122,279,320,-463,166,-153,55,49,83,-118,117,-82,386,-35,-271
-276,210,63,-27,277,148,-164,-45,-12,6,-20,-1,-30,69,-134,312,-75,-282
-92,-59,324,-186,473,-114,517,-427,-26,-26,-1,39,137,30,-52,332,-85,-256
40,-138,313,-257,615,-80,157,-272,-102,-54,54,60,78,68,-60,334,-92,-279
-136,174,68,-267,458,93,-641,92,-49,-74,5,-41,-118,16,-182,286,-130,-334
-142,282,-139,-246,241,147,-654,97,19,-87,-102,-74,-132,-62,-239,265,-186,-350
-2,97,-57,-340,229,95,-339,-20,-13,-121,-123,-43,-79,4,-216,257,-232,-331
-121,99,228,-558,339,-131,45,-181,-86,-128,-67,-70,-63,50,-150,235,-241,-321
-238,317,228,-550,297,-198,278,-296,-116,-81,-18,-26,41,-75,-111,227,-234,-347
-169,413,5,-322,13,274,-313,-56,-23,-60,-45,55,75,-154,-208,204,-266,-401
-206,371,1,-327,-92,514,-798,92,101,-133,-113,-14,11,-112,-312,129,-337,-439
-234,359,-24,-486,179,82,-322,-211,38,-267,-67,-89,76,-133,-273,58,-404,-416
-93,214,-30,-492,240,-51,-122,-365,-80,-286,20,-55,26,-153,-223,50,-434,-376
-115,-129,309,-459,-18,270,-617,-175,-42,-160,-83,-108,-198,-105,-284,46,-445,-424
